file,line,spaces,tabs,logical,previous,next,type,effect,sha256,classification
docs/adr/ADR-007_FCP_DISTRIBUTION_PACKAGING_ARCHITECTURE.md,3,2,0,**Date:** 2026-08-13,,**Status:** `PROPOSED — READY FOR HUMAN RATIFICATION`,md,removal changes Markdown hard break to a soft break,f8081730000a891c74f510c1151a23f8529da71d72d10c13be7b59bc3989052f,MARKDOWN_INTENTIONAL_HARD_BREAK
docs/adr/ADR-007_FCP_DISTRIBUTION_PACKAGING_ARCHITECTURE.md,4,2,0,**Status:** `PROPOSED — READY FOR HUMAN RATIFICATION`,**Date:** 2026-08-13,**Scope:** P-018-01 distribution architecture only,md,removal changes Markdown hard break to a soft break,f8081730000a891c74f510c1151a23f8529da71d72d10c13be7b59bc3989052f,MARKDOWN_INTENTIONAL_HARD_BREAK
docs/adr/ADR-007_FCP_DISTRIBUTION_PACKAGING_ARCHITECTURE.md,5,2,0,**Scope:** P-018-01 distribution architecture only,**Status:** `PROPOSED — READY FOR HUMAN RATIFICATION`,**Verdict:** `ADR-007 READY FOR HUMAN RATIFICATION — FCP PACKAGING ARCHITECTURE DEFINED`,md,removal changes Markdown hard break to a soft break,f8081730000a891c74f510c1151a23f8529da71d72d10c13be7b59bc3989052f,MARKDOWN_INTENTIONAL_HARD_BREAK
docs/adr/ADR-007_FCP_DISTRIBUTION_PACKAGING_ARCHITECTURE.md,468,2,0,`RECOMMENDED_ARCHITECTURE: INDEPENDENT CKO-FCP DISTRIBUTION WITH CKO_FCP NAMESPACE`,,`TARGET_NAMESPACE: cko_fcp`,md,removal changes Markdown hard break to a soft break,f8081730000a891c74f510c1151a23f8529da71d72d10c13be7b59bc3989052f,MARKDOWN_INTENTIONAL_HARD_BREAK
docs/adr/ADR-007_FCP_DISTRIBUTION_PACKAGING_ARCHITECTURE.md,469,2,0,`TARGET_NAMESPACE: cko_fcp`,`RECOMMENDED_ARCHITECTURE: INDEPENDENT CKO-FCP DISTRIBUTION WITH CKO_FCP NAMESPACE`,`TARGET_DISTRIBUTION: cko-fcp`,md,removal changes Markdown hard break to a soft break,f8081730000a891c74f510c1151a23f8529da71d72d10c13be7b59bc3989052f,MARKDOWN_INTENTIONAL_HARD_BREAK
docs/adr/ADR-007_FCP_DISTRIBUTION_PACKAGING_ARCHITECTURE.md,470,2,0,`TARGET_DISTRIBUTION: cko-fcp`,`TARGET_NAMESPACE: cko_fcp`,`TARGET_REPOSITORY_LOCATION: packages/cko-fcp/src/cko_fcp/`,md,removal changes Markdown hard break to a soft break,f8081730000a891c74f510c1151a23f8529da71d72d10c13be7b59bc3989052f,MARKDOWN_INTENTIONAL_HARD_BREAK
docs/adr/ADR-007_FCP_DISTRIBUTION_PACKAGING_ARCHITECTURE.md,471,2,0,`TARGET_REPOSITORY_LOCATION: packages/cko-fcp/src/cko_fcp/`,`TARGET_DISTRIBUTION: cko-fcp`,`VERSIONING_POLICY: INDEPENDENT SEMVER DISTRIBUTION VERSION; EXPLICIT SEPARATE FCP PROTOCOL COMPATIBILITY VERSION`,md,removal changes Markdown hard break to a soft break,f8081730000a891c74f510c1151a23f8529da71d72d10c13be7b59bc3989052f,MARKDOWN_INTENTIONAL_HARD_BREAK
docs/adr/ADR-007_FCP_DISTRIBUTION_PACKAGING_ARCHITECTURE.md,472,2,0,`VERSIONING_POLICY: INDEPENDENT SEMVER DISTRIBUTION VERSION; EXPLICIT SEPARATE FCP PROTOCOL COMPATIBILITY VERSION`,`TARGET_REPOSITORY_LOCATION: packages/cko-fcp/src/cko_fcp/`,`PACKAGE_DISCOVERY_POLICY: DISTRIBUTION-LOCAL SRC DISCOVERY LIMITED TO packages/cko-fcp/src`,md,removal changes Markdown hard break to a soft break,f8081730000a891c74f510c1151a23f8529da71d72d10c13be7b59bc3989052f,MARKDOWN_INTENTIONAL_HARD_BREAK
docs/adr/ADR-007_FCP_DISTRIBUTION_PACKAGING_ARCHITECTURE.md,473,2,0,`PACKAGE_DISCOVERY_POLICY: DISTRIBUTION-LOCAL SRC DISCOVERY LIMITED TO packages/cko-fcp/src`,`VERSIONING_POLICY: INDEPENDENT SEMVER DISTRIBUTION VERSION; EXPLICIT SEPARATE FCP PROTOCOL COMPATIBILITY VERSION`,`PUBLIC_API_IMPACT: NONE`,md,removal changes Markdown hard break to a soft break,f8081730000a891c74f510c1151a23f8529da71d72d10c13be7b59bc3989052f,MARKDOWN_INTENTIONAL_HARD_BREAK
docs/adr/ADR-007_FCP_DISTRIBUTION_PACKAGING_ARCHITECTURE.md,474,2,0,`PUBLIC_API_IMPACT: NONE`,`PACKAGE_DISCOVERY_POLICY: DISTRIBUTION-LOCAL SRC DISCOVERY LIMITED TO packages/cko-fcp/src`,`PUBLIC_API_COUNTS_EXPECTED: 646 / 646 / 646`,md,removal changes Markdown hard break to a soft break,f8081730000a891c74f510c1151a23f8529da71d72d10c13be7b59bc3989052f,MARKDOWN_INTENTIONAL_HARD_BREAK
docs/adr/ADR-007_FCP_DISTRIBUTION_PACKAGING_ARCHITECTURE.md,475,2,0,`PUBLIC_API_COUNTS_EXPECTED: 646 / 646 / 646`,`PUBLIC_API_IMPACT: NONE`,`PUBLIC_API_FINGERPRINT_EXPECTED: d47d3fea99b5773ec2eb97fce56d8f542211fb3104951f61b93f5265b16f9232`,md,removal changes Markdown hard break to a soft break,f8081730000a891c74f510c1151a23f8529da71d72d10c13be7b59bc3989052f,MARKDOWN_INTENTIONAL_HARD_BREAK
docs/adr/ADR-007_FCP_DISTRIBUTION_PACKAGING_ARCHITECTURE.md,476,2,0,`PUBLIC_API_FINGERPRINT_EXPECTED: d47d3fea99b5773ec2eb97fce56d8f542211fb3104951f61b93f5265b16f9232`,`PUBLIC_API_COUNTS_EXPECTED: 646 / 646 / 646`,`BREAKING_CHANGE_REQUIRED: NO`,md,removal changes Markdown hard break to a soft break,f8081730000a891c74f510c1151a23f8529da71d72d10c13be7b59bc3989052f,MARKDOWN_INTENTIONAL_HARD_BREAK
docs/adr/ADR-007_FCP_DISTRIBUTION_PACKAGING_ARCHITECTURE.md,477,2,0,`BREAKING_CHANGE_REQUIRED: NO`,`PUBLIC_API_FINGERPRINT_EXPECTED: d47d3fea99b5773ec2eb97fce56d8f542211fb3104951f61b93f5265b16f9232`,`PACKAGING_CHANGE_REQUIRED: YES`,md,removal changes Markdown hard break to a soft break,f8081730000a891c74f510c1151a23f8529da71d72d10c13be7b59bc3989052f,MARKDOWN_INTENTIONAL_HARD_BREAK
docs/adr/ADR-007_FCP_DISTRIBUTION_PACKAGING_ARCHITECTURE.md,478,2,0,`PACKAGING_CHANGE_REQUIRED: YES`,`BREAKING_CHANGE_REQUIRED: NO`,`FILE_MOVE_REQUIRED: YES`,md,removal changes Markdown hard break to a soft break,f8081730000a891c74f510c1151a23f8529da71d72d10c13be7b59bc3989052f,MARKDOWN_INTENTIONAL_HARD_BREAK
docs/adr/ADR-007_FCP_DISTRIBUTION_PACKAGING_ARCHITECTURE.md,479,2,0,`FILE_MOVE_REQUIRED: YES`,`PACKAGING_CHANGE_REQUIRED: YES`,`P1_R17_REPLAY_REQUIRED: YES — PACKAGING-FOCUSED INCREMENTAL REPLAY`,md,removal changes Markdown hard break to a soft break,f8081730000a891c74f510c1151a23f8529da71d72d10c13be7b59bc3989052f,MARKDOWN_INTENTIONAL_HARD_BREAK
docs/adr/ADR-007_FCP_DISTRIBUTION_PACKAGING_ARCHITECTURE.md,480,2,0,`P1_R17_REPLAY_REQUIRED: YES — PACKAGING-FOCUSED INCREMENTAL REPLAY`,`FILE_MOVE_REQUIRED: YES`,`P_018_01_CONSOLIDATION_AUTHORIZED: NO`,md,removal changes Markdown hard break to a soft break,f8081730000a891c74f510c1151a23f8529da71d72d10c13be7b59bc3989052f,MARKDOWN_INTENTIONAL_HARD_BREAK
docs/adr/ADR-007_FCP_DISTRIBUTION_PACKAGING_ARCHITECTURE.md,481,2,0,`P_018_01_CONSOLIDATION_AUTHORIZED: NO`,`P1_R17_REPLAY_REQUIRED: YES — PACKAGING-FOCUSED INCREMENTAL REPLAY`,`P_018_02_AUTHORIZED: NO`,md,removal changes Markdown hard break to a soft break,f8081730000a891c74f510c1151a23f8529da71d72d10c13be7b59bc3989052f,MARKDOWN_INTENTIONAL_HARD_BREAK
docs/sprints/SPR-018_P-018-01_IMPLEMENTATION_REPORT.md,3,2,0,**Date:** 2026-08-12,,**Authorization:** REV-003 `AUTHORIZED_FOR_IMPLEMENTATION`,md,removal changes Markdown hard break to a soft break,7b8369e0bce642e9abd82e62c12f583625772ec53af64d96aebe732e00314879,MARKDOWN_INTENTIONAL_HARD_BREAK
docs/sprints/SPR-018_P-018-01_IMPLEMENTATION_REPORT.md,4,2,0,**Authorization:** REV-003 `AUTHORIZED_FOR_IMPLEMENTATION`,**Date:** 2026-08-12,**Verdict:** `P-018-01 IMPLEMENTED WITH BLOCKERS — NOT READY FOR CONSOLIDATION`,md,removal changes Markdown hard break to a soft break,7b8369e0bce642e9abd82e62c12f583625772ec53af64d96aebe732e00314879,MARKDOWN_INTENTIONAL_HARD_BREAK
docs/sprints/SPR-018_P-018-01_IMPLEMENTATION_REPORT.md,55,2,0,`PUBLIC_API_IMPACT: NONE`,,`BREAKING_CHANGE: NO`,md,removal changes Markdown hard break to a soft break,7b8369e0bce642e9abd82e62c12f583625772ec53af64d96aebe732e00314879,MARKDOWN_INTENTIONAL_HARD_BREAK
docs/sprints/SPR-018_P-018-01_P1-R17_VALIDATION_REPORT.md,3,2,0,**Date:** 2026-08-13,,**Operation:** ENV-002 — Python 3.13 validation environment provisioning,md,removal changes Markdown hard break to a soft break,0aa06652e2985827512c0f6c5d4f0f92c49596ed8b964ed8fc2573329302f32e,MARKDOWN_INTENTIONAL_HARD_BREAK
docs/sprints/SPR-018_P-018-01_P1-R17_VALIDATION_REPORT.md,4,2,0,**Operation:** ENV-002 — Python 3.13 validation environment provisioning,**Date:** 2026-08-13,**Classification:** `ENVIRONMENT_FAILURE`,md,removal changes Markdown hard break to a soft break,0aa06652e2985827512c0f6c5d4f0f92c49596ed8b964ed8fc2573329302f32e,MARKDOWN_INTENTIONAL_HARD_BREAK
docs/sprints/SPR-018_P-018-01_P1-R17_VALIDATION_REPORT.md,80,2,0,`P1_R17_STATUS: BLOCKED`,,`P_018_01_VALIDATION_STATUS: BLOCKED`,md,removal changes Markdown hard break to a soft break,0aa06652e2985827512c0f6c5d4f0f92c49596ed8b964ed8fc2573329302f32e,MARKDOWN_INTENTIONAL_HARD_BREAK
docs/sprints/SPR-018_P-018-01_P1-R17_VALIDATION_REPORT.md,81,2,0,`P_018_01_VALIDATION_STATUS: BLOCKED`,`P1_R17_STATUS: BLOCKED`,`READY_FOR_GIT_CONSOLIDATION: NO`,md,removal changes Markdown hard break to a soft break,0aa06652e2985827512c0f6c5d4f0f92c49596ed8b964ed8fc2573329302f32e,MARKDOWN_INTENTIONAL_HARD_BREAK
docs/sprints/SPR-018_P-018-01_P1-R17_VALIDATION_REPORT.md,82,2,0,`READY_FOR_GIT_CONSOLIDATION: NO`,`P_018_01_VALIDATION_STATUS: BLOCKED`,`PUBLIC_API_IMPACT: NONE`,md,removal changes Markdown hard break to a soft break,0aa06652e2985827512c0f6c5d4f0f92c49596ed8b964ed8fc2573329302f32e,MARKDOWN_INTENTIONAL_HARD_BREAK
docs/sprints/SPR-018_P-018-01_P1-R17_VALIDATION_REPORT.md,83,2,0,`PUBLIC_API_IMPACT: NONE`,`READY_FOR_GIT_CONSOLIDATION: NO`,`BREAKING_CHANGE: NO`,md,removal changes Markdown hard break to a soft break,0aa06652e2985827512c0f6c5d4f0f92c49596ed8b964ed8fc2573329302f32e,MARKDOWN_INTENTIONAL_HARD_BREAK
docs/sprints/SPR-018_P-018-01_P1-R17_VALIDATION_REPORT.md,84,2,0,`BREAKING_CHANGE: NO`,`PUBLIC_API_IMPACT: NONE`,`P_018_02_AUTHORIZED: NO`,md,removal changes Markdown hard break to a soft break,0aa06652e2985827512c0f6c5d4f0f92c49596ed8b964ed8fc2573329302f32e,MARKDOWN_INTENTIONAL_HARD_BREAK
docs/sprints/SPR-018_P-018-01_P1-R17_ENV-002B_REPLAY_REPORT.md,3,2,0,**Date:** 2026-08-13,,**Operation:** ENV-002B — P1-R17 validation replay,md,removal changes Markdown hard break to a soft break,bd1d0568b3e4cfd41866b92ddd4552a84e53bef28e82531f80312c718eb16035,MARKDOWN_INTENTIONAL_HARD_BREAK
docs/sprints/SPR-018_P-018-01_P1-R17_ENV-002B_REPLAY_REPORT.md,4,2,0,**Operation:** ENV-002B — P1-R17 validation replay,**Date:** 2026-08-13,**Outcome classification:** `VALIDATION_PROCEDURE_FAILURE`,md,removal changes Markdown hard break to a soft break,bd1d0568b3e4cfd41866b92ddd4552a84e53bef28e82531f80312c718eb16035,MARKDOWN_INTENTIONAL_HARD_BREAK
docs/sprints/SPR-018_P-018-01_P1-R17_ENV-002B_REPLAY_REPORT.md,86,2,0,`PYTHON_3_13_VALIDATED: YES`,,`ENVIRONMENT_SMOKE: FAIL`,md,removal changes Markdown hard break to a soft break,bd1d0568b3e4cfd41866b92ddd4552a84e53bef28e82531f80312c718eb16035,MARKDOWN_INTENTIONAL_HARD_BREAK
docs/sprints/SPR-018_P-018-01_P1-R17_ENV-002B_REPLAY_REPORT.md,87,2,0,`ENVIRONMENT_SMOKE: FAIL`,`PYTHON_3_13_VALIDATED: YES`,`DEDICATED_TESTS: NOT EXECUTED`,md,removal changes Markdown hard break to a soft break,bd1d0568b3e4cfd41866b92ddd4552a84e53bef28e82531f80312c718eb16035,MARKDOWN_INTENTIONAL_HARD_BREAK
docs/sprints/SPR-018_P-018-01_P1-R17_ENV-002B_REPLAY_REPORT.md,88,2,0,`DEDICATED_TESTS: NOT EXECUTED`,`ENVIRONMENT_SMOKE: FAIL`,`FULL_REGRESSION: NOT EXECUTED`,md,removal changes Markdown hard break to a soft break,bd1d0568b3e4cfd41866b92ddd4552a84e53bef28e82531f80312c718eb16035,MARKDOWN_INTENTIONAL_HARD_BREAK
docs/sprints/SPR-018_P-018-01_P1-R17_ENV-002B_REPLAY_REPORT.md,89,2,0,`FULL_REGRESSION: NOT EXECUTED`,`DEDICATED_TESTS: NOT EXECUTED`,`SDK_VERSION: NOT MECHANICALLY VALIDATED IN THE AUTHORIZED SEQUENCE`,md,removal changes Markdown hard break to a soft break,bd1d0568b3e4cfd41866b92ddd4552a84e53bef28e82531f80312c718eb16035,MARKDOWN_INTENTIONAL_HARD_BREAK
docs/sprints/SPR-018_P-018-01_P1-R17_ENV-002B_REPLAY_REPORT.md,90,2,0,`SDK_VERSION: NOT MECHANICALLY VALIDATED IN THE AUTHORIZED SEQUENCE`,`FULL_REGRESSION: NOT EXECUTED`,`PUBLIC_API_COUNTS: NOT EXECUTED`,md,removal changes Markdown hard break to a soft break,bd1d0568b3e4cfd41866b92ddd4552a84e53bef28e82531f80312c718eb16035,MARKDOWN_INTENTIONAL_HARD_BREAK
docs/sprints/SPR-018_P-018-01_P1-R17_ENV-002B_REPLAY_REPORT.md,91,2,0,`PUBLIC_API_COUNTS: NOT EXECUTED`,`SDK_VERSION: NOT MECHANICALLY VALIDATED IN THE AUTHORIZED SEQUENCE`,`PUBLIC_API_FINGERPRINT: NOT EXECUTED`,md,removal changes Markdown hard break to a soft break,bd1d0568b3e4cfd41866b92ddd4552a84e53bef28e82531f80312c718eb16035,MARKDOWN_INTENTIONAL_HARD_BREAK
docs/sprints/SPR-018_P-018-01_P1-R17_ENV-002B_REPLAY_REPORT.md,92,2,0,`PUBLIC_API_FINGERPRINT: NOT EXECUTED`,`PUBLIC_API_COUNTS: NOT EXECUTED`,`WHEEL_BUILD: NOT EXECUTED`,md,removal changes Markdown hard break to a soft break,bd1d0568b3e4cfd41866b92ddd4552a84e53bef28e82531f80312c718eb16035,MARKDOWN_INTENTIONAL_HARD_BREAK
docs/sprints/SPR-018_P-018-01_P1-R17_ENV-002B_REPLAY_REPORT.md,93,2,0,`WHEEL_BUILD: NOT EXECUTED`,`PUBLIC_API_FINGERPRINT: NOT EXECUTED`,`ISOLATED_WHEEL_REPLAY: NOT EXECUTED`,md,removal changes Markdown hard break to a soft break,bd1d0568b3e4cfd41866b92ddd4552a84e53bef28e82531f80312c718eb16035,MARKDOWN_INTENTIONAL_HARD_BREAK
docs/sprints/SPR-018_P-018-01_P1-R17_ENV-002B_REPLAY_REPORT.md,94,2,0,`ISOLATED_WHEEL_REPLAY: NOT EXECUTED`,`WHEEL_BUILD: NOT EXECUTED`,`P1_R17_STATUS: FAILED`,md,removal changes Markdown hard break to a soft break,bd1d0568b3e4cfd41866b92ddd4552a84e53bef28e82531f80312c718eb16035,MARKDOWN_INTENTIONAL_HARD_BREAK
docs/sprints/SPR-018_P-018-01_P1-R17_ENV-002B_REPLAY_REPORT.md,95,2,0,`P1_R17_STATUS: FAILED`,`ISOLATED_WHEEL_REPLAY: NOT EXECUTED`,`P_018_01_VALIDATION_STATUS: FAILED`,md,removal changes Markdown hard break to a soft break,bd1d0568b3e4cfd41866b92ddd4552a84e53bef28e82531f80312c718eb16035,MARKDOWN_INTENTIONAL_HARD_BREAK
docs/sprints/SPR-018_P-018-01_P1-R17_ENV-002B_REPLAY_REPORT.md,96,2,0,`P_018_01_VALIDATION_STATUS: FAILED`,`P1_R17_STATUS: FAILED`,`READY_FOR_GIT_CONSOLIDATION: NO`,md,removal changes Markdown hard break to a soft break,bd1d0568b3e4cfd41866b92ddd4552a84e53bef28e82531f80312c718eb16035,MARKDOWN_INTENTIONAL_HARD_BREAK
docs/sprints/SPR-018_P-018-01_P1-R17_ENV-002B_REPLAY_REPORT.md,97,2,0,`READY_FOR_GIT_CONSOLIDATION: NO`,`P_018_01_VALIDATION_STATUS: FAILED`,`PUBLIC_API_IMPACT: NONE DETECTED; CURRENT MECHANICAL CHECK NOT EXECUTED`,md,removal changes Markdown hard break to a soft break,bd1d0568b3e4cfd41866b92ddd4552a84e53bef28e82531f80312c718eb16035,MARKDOWN_INTENTIONAL_HARD_BREAK
docs/sprints/SPR-018_P-018-01_P1-R17_ENV-002B_REPLAY_REPORT.md,98,2,0,`PUBLIC_API_IMPACT: NONE DETECTED; CURRENT MECHANICAL CHECK NOT EXECUTED`,`READY_FOR_GIT_CONSOLIDATION: NO`,`BREAKING_CHANGE: NO EVIDENCE; CURRENT MECHANICAL CHECK NOT EXECUTED`,md,removal changes Markdown hard break to a soft break,bd1d0568b3e4cfd41866b92ddd4552a84e53bef28e82531f80312c718eb16035,MARKDOWN_INTENTIONAL_HARD_BREAK
docs/sprints/SPR-018_P-018-01_P1-R17_ENV-002B_REPLAY_REPORT.md,99,2,0,`BREAKING_CHANGE: NO EVIDENCE; CURRENT MECHANICAL CHECK NOT EXECUTED`,`PUBLIC_API_IMPACT: NONE DETECTED; CURRENT MECHANICAL CHECK NOT EXECUTED`,`P_018_02_AUTHORIZED: NO`,md,removal changes Markdown hard break to a soft break,bd1d0568b3e4cfd41866b92ddd4552a84e53bef28e82531f80312c718eb16035,MARKDOWN_INTENTIONAL_HARD_BREAK
docs/sprints/SPR-018_P-018-01_P1-R17_ENV-002C_REPLAY_REPORT.md,3,2,0,**Date:** 2026-08-13,,**Operation:** ENV-002C — corrected P1-R17 validation replay,md,removal changes Markdown hard break to a soft break,ca33c2125edc4ad6ad5d08f59cd2260bc93258fdff9addfbdcb8bc04ea0f6dba,MARKDOWN_INTENTIONAL_HARD_BREAK
docs/sprints/SPR-018_P-018-01_P1-R17_ENV-002C_REPLAY_REPORT.md,4,2,0,**Operation:** ENV-002C — corrected P1-R17 validation replay,**Date:** 2026-08-13,**Classification:** `ENVIRONMENT_FAILURE`,md,removal changes Markdown hard break to a soft break,ca33c2125edc4ad6ad5d08f59cd2260bc93258fdff9addfbdcb8bc04ea0f6dba,MARKDOWN_INTENTIONAL_HARD_BREAK
docs/sprints/SPR-018_P-018-01_P1-R17_ENV-002C_REPLAY_REPORT.md,32,2,0,`PYTHON_3_13_VALIDATED: YES`,,`ENVIRONMENT_SMOKE: FAIL (cko.core import timeout)`,md,removal changes Markdown hard break to a soft break,ca33c2125edc4ad6ad5d08f59cd2260bc93258fdff9addfbdcb8bc04ea0f6dba,MARKDOWN_INTENTIONAL_HARD_BREAK
docs/sprints/SPR-018_P-018-01_P1-R17_ENV-002C_REPLAY_REPORT.md,63,2,0,`PYTHON_3_13_VALIDATED: YES`,,`ENVIRONMENT_SMOKE: FAIL`,md,removal changes Markdown hard break to a soft break,ca33c2125edc4ad6ad5d08f59cd2260bc93258fdff9addfbdcb8bc04ea0f6dba,MARKDOWN_INTENTIONAL_HARD_BREAK
docs/sprints/SPR-018_P-018-01_P1-R17_ENV-002C_REPLAY_REPORT.md,64,2,0,`ENVIRONMENT_SMOKE: FAIL`,`PYTHON_3_13_VALIDATED: YES`,`DEDICATED_TESTS: NOT EXECUTED`,md,removal changes Markdown hard break to a soft break,ca33c2125edc4ad6ad5d08f59cd2260bc93258fdff9addfbdcb8bc04ea0f6dba,MARKDOWN_INTENTIONAL_HARD_BREAK
docs/sprints/SPR-018_P-018-01_P1-R17_ENV-002C_REPLAY_REPORT.md,65,2,0,`DEDICATED_TESTS: NOT EXECUTED`,`ENVIRONMENT_SMOKE: FAIL`,`FULL_REGRESSION: NOT EXECUTED`,md,removal changes Markdown hard break to a soft break,ca33c2125edc4ad6ad5d08f59cd2260bc93258fdff9addfbdcb8bc04ea0f6dba,MARKDOWN_INTENTIONAL_HARD_BREAK
docs/sprints/SPR-018_P-018-01_P1-R17_ENV-002C_REPLAY_REPORT.md,66,2,0,`FULL_REGRESSION: NOT EXECUTED`,`DEDICATED_TESTS: NOT EXECUTED`,`SDK_VERSION: NOT MECHANICALLY VALIDATED IN ENV-002C`,md,removal changes Markdown hard break to a soft break,ca33c2125edc4ad6ad5d08f59cd2260bc93258fdff9addfbdcb8bc04ea0f6dba,MARKDOWN_INTENTIONAL_HARD_BREAK
docs/sprints/SPR-018_P-018-01_P1-R17_ENV-002C_REPLAY_REPORT.md,67,2,0,`SDK_VERSION: NOT MECHANICALLY VALIDATED IN ENV-002C`,`FULL_REGRESSION: NOT EXECUTED`,`PUBLIC_API_COUNTS: NOT EXECUTED`,md,removal changes Markdown hard break to a soft break,ca33c2125edc4ad6ad5d08f59cd2260bc93258fdff9addfbdcb8bc04ea0f6dba,MARKDOWN_INTENTIONAL_HARD_BREAK
docs/sprints/SPR-018_P-018-01_P1-R17_ENV-002C_REPLAY_REPORT.md,68,2,0,`PUBLIC_API_COUNTS: NOT EXECUTED`,`SDK_VERSION: NOT MECHANICALLY VALIDATED IN ENV-002C`,`PUBLIC_API_FINGERPRINT: NOT EXECUTED`,md,removal changes Markdown hard break to a soft break,ca33c2125edc4ad6ad5d08f59cd2260bc93258fdff9addfbdcb8bc04ea0f6dba,MARKDOWN_INTENTIONAL_HARD_BREAK
docs/sprints/SPR-018_P-018-01_P1-R17_ENV-002C_REPLAY_REPORT.md,69,2,0,`PUBLIC_API_FINGERPRINT: NOT EXECUTED`,`PUBLIC_API_COUNTS: NOT EXECUTED`,`WHEEL_BUILD: NOT EXECUTED`,md,removal changes Markdown hard break to a soft break,ca33c2125edc4ad6ad5d08f59cd2260bc93258fdff9addfbdcb8bc04ea0f6dba,MARKDOWN_INTENTIONAL_HARD_BREAK
docs/sprints/SPR-018_P-018-01_P1-R17_ENV-002C_REPLAY_REPORT.md,70,2,0,`WHEEL_BUILD: NOT EXECUTED`,`PUBLIC_API_FINGERPRINT: NOT EXECUTED`,`ISOLATED_WHEEL_REPLAY: NOT EXECUTED`,md,removal changes Markdown hard break to a soft break,ca33c2125edc4ad6ad5d08f59cd2260bc93258fdff9addfbdcb8bc04ea0f6dba,MARKDOWN_INTENTIONAL_HARD_BREAK
docs/sprints/SPR-018_P-018-01_P1-R17_ENV-002C_REPLAY_REPORT.md,71,2,0,`ISOLATED_WHEEL_REPLAY: NOT EXECUTED`,`WHEEL_BUILD: NOT EXECUTED`,`P1_R17_STATUS: BLOCKED`,md,removal changes Markdown hard break to a soft break,ca33c2125edc4ad6ad5d08f59cd2260bc93258fdff9addfbdcb8bc04ea0f6dba,MARKDOWN_INTENTIONAL_HARD_BREAK
docs/sprints/SPR-018_P-018-01_P1-R17_ENV-002C_REPLAY_REPORT.md,72,2,0,`P1_R17_STATUS: BLOCKED`,`ISOLATED_WHEEL_REPLAY: NOT EXECUTED`,`P_018_01_VALIDATION_STATUS: BLOCKED`,md,removal changes Markdown hard break to a soft break,ca33c2125edc4ad6ad5d08f59cd2260bc93258fdff9addfbdcb8bc04ea0f6dba,MARKDOWN_INTENTIONAL_HARD_BREAK
docs/sprints/SPR-018_P-018-01_P1-R17_ENV-002C_REPLAY_REPORT.md,73,2,0,`P_018_01_VALIDATION_STATUS: BLOCKED`,`P1_R17_STATUS: BLOCKED`,`READY_FOR_GIT_CONSOLIDATION: NO`,md,removal changes Markdown hard break to a soft break,ca33c2125edc4ad6ad5d08f59cd2260bc93258fdff9addfbdcb8bc04ea0f6dba,MARKDOWN_INTENTIONAL_HARD_BREAK
docs/sprints/SPR-018_P-018-01_P1-R17_ENV-002C_REPLAY_REPORT.md,74,2,0,`READY_FOR_GIT_CONSOLIDATION: NO`,`P_018_01_VALIDATION_STATUS: BLOCKED`,`PUBLIC_API_IMPACT: NONE DETECTED; CURRENT MECHANICAL CHECK NOT EXECUTED`,md,removal changes Markdown hard break to a soft break,ca33c2125edc4ad6ad5d08f59cd2260bc93258fdff9addfbdcb8bc04ea0f6dba,MARKDOWN_INTENTIONAL_HARD_BREAK
docs/sprints/SPR-018_P-018-01_P1-R17_ENV-002C_REPLAY_REPORT.md,75,2,0,`PUBLIC_API_IMPACT: NONE DETECTED; CURRENT MECHANICAL CHECK NOT EXECUTED`,`READY_FOR_GIT_CONSOLIDATION: NO`,`BREAKING_CHANGE: NO EVIDENCE; CURRENT MECHANICAL CHECK NOT EXECUTED`,md,removal changes Markdown hard break to a soft break,ca33c2125edc4ad6ad5d08f59cd2260bc93258fdff9addfbdcb8bc04ea0f6dba,MARKDOWN_INTENTIONAL_HARD_BREAK
docs/sprints/SPR-018_P-018-01_P1-R17_ENV-002C_REPLAY_REPORT.md,76,2,0,`BREAKING_CHANGE: NO EVIDENCE; CURRENT MECHANICAL CHECK NOT EXECUTED`,`PUBLIC_API_IMPACT: NONE DETECTED; CURRENT MECHANICAL CHECK NOT EXECUTED`,`P_018_02_AUTHORIZED: NO`,md,removal changes Markdown hard break to a soft break,ca33c2125edc4ad6ad5d08f59cd2260bc93258fdff9addfbdcb8bc04ea0f6dba,MARKDOWN_INTENTIONAL_HARD_BREAK
docs/sprints/SPR-018_P-018-01_DIAG-001_CKO_CORE_IMPORT_REPORT.md,3,2,0,**Data:** 2026-08-13,,**Operação:** DIAG-001 — diagnóstico controlado do import de `cko.core` sob CPython 3.13,md,removal changes Markdown hard break to a soft break,49625c5f83f1024aca1f454797806c8957f320172006148da8af9cbe298906e8,MARKDOWN_INTENTIONAL_HARD_BREAK
docs/sprints/SPR-018_P-018-01_DIAG-001_CKO_CORE_IMPORT_REPORT.md,4,2,0,**Operação:** DIAG-001 — diagnóstico controlado do import de `cko.core` sob CPython 3.13,**Data:** 2026-08-13,**Veredito:** `DIAG-001 COMPLETE — P1-R17 REPLAY CAN BE REAUTHORIZED`,md,removal changes Markdown hard break to a soft break,49625c5f83f1024aca1f454797806c8957f320172006148da8af9cbe298906e8,MARKDOWN_INTENTIONAL_HARD_BREAK
docs/sprints/SPR-018_P-018-01_DIAG-001_CKO_CORE_IMPORT_REPORT.md,140,2,0,`CKO_ROOT_IMPORT: IMPORT_OK`,,`CKO_CORE_IMPORT: IMPORT_OK`,md,removal changes Markdown hard break to a soft break,49625c5f83f1024aca1f454797806c8957f320172006148da8af9cbe298906e8,MARKDOWN_INTENTIONAL_HARD_BREAK
docs/sprints/SPR-018_P-018-01_DIAG-001_CKO_CORE_IMPORT_REPORT.md,141,2,0,`CKO_CORE_IMPORT: IMPORT_OK`,`CKO_ROOT_IMPORT: IMPORT_OK`,`CKO_CORE_IMPORT_DURATION: 2.252694–2.647260 s internos; 2.401444–2.789691 s de parede nas três repetições formais`,md,removal changes Markdown hard break to a soft break,49625c5f83f1024aca1f454797806c8957f320172006148da8af9cbe298906e8,MARKDOWN_INTENTIONAL_HARD_BREAK
docs/sprints/SPR-018_P-018-01_DIAG-001_CKO_CORE_IMPORT_REPORT.md,142,2,0,`CKO_CORE_IMPORT_DURATION: 2.252694–2.647260 s internos; 2.401444–2.789691 s de parede nas três repetições formais`,`CKO_CORE_IMPORT: IMPORT_OK`,`LAST_CONFIRMED_IMPORT: cko.core.provenance; depois cko.core concluiu`,md,removal changes Markdown hard break to a soft break,49625c5f83f1024aca1f454797806c8957f320172006148da8af9cbe298906e8,MARKDOWN_INTENTIONAL_HARD_BREAK
docs/sprints/SPR-018_P-018-01_DIAG-001_CKO_CORE_IMPORT_REPORT.md,143,2,0,`LAST_CONFIRMED_IMPORT: cko.core.provenance; depois cko.core concluiu`,`CKO_CORE_IMPORT_DURATION: 2.252694–2.647260 s internos; 2.401444–2.789691 s de parede nas três repetições formais`,`SLOWEST_IMPORT: cko.core.discovery (577.553 µs cumulativos); cko.core.index.models (30.605 µs próprios)`,md,removal changes Markdown hard break to a soft break,49625c5f83f1024aca1f454797806c8957f320172006148da8af9cbe298906e8,MARKDOWN_INTENTIONAL_HARD_BREAK
docs/sprints/SPR-018_P-018-01_DIAG-001_CKO_CORE_IMPORT_REPORT.md,144,2,0,`SLOWEST_IMPORT: cko.core.discovery (577.553 µs cumulativos); cko.core.index.models (30.605 µs próprios)`,`LAST_CONFIRMED_IMPORT: cko.core.provenance; depois cko.core concluiu`,`IMPORT_TIMEOUT_REPRODUCED: NO`,md,removal changes Markdown hard break to a soft break,49625c5f83f1024aca1f454797806c8957f320172006148da8af9cbe298906e8,MARKDOWN_INTENTIONAL_HARD_BREAK
docs/sprints/SPR-018_P-018-01_DIAG-001_CKO_CORE_IMPORT_REPORT.md,145,2,0,`IMPORT_TIMEOUT_REPRODUCED: NO`,`SLOWEST_IMPORT: cko.core.discovery (577.553 µs cumulativos); cko.core.index.models (30.605 µs próprios)`,`STACK_CAPTURED: YES`,md,removal changes Markdown hard break to a soft break,49625c5f83f1024aca1f454797806c8957f320172006148da8af9cbe298906e8,MARKDOWN_INTENTIONAL_HARD_BREAK
docs/sprints/SPR-018_P-018-01_DIAG-001_CKO_CORE_IMPORT_REPORT.md,146,2,0,`STACK_CAPTURED: YES`,`IMPORT_TIMEOUT_REPRODUCED: NO`,`ROOT_CAUSE_CLASSIFICATION: EXECUTOR_TIMEOUT_ARTIFACT`,md,removal changes Markdown hard break to a soft break,49625c5f83f1024aca1f454797806c8957f320172006148da8af9cbe298906e8,MARKDOWN_INTENTIONAL_HARD_BREAK
docs/sprints/SPR-018_P-018-01_DIAG-001_CKO_CORE_IMPORT_REPORT.md,147,2,0,`ROOT_CAUSE_CLASSIFICATION: EXECUTOR_TIMEOUT_ARTIFACT`,`STACK_CAPTURED: YES`,`P_018_01_CAUSAL_RELATION: NO`,md,removal changes Markdown hard break to a soft break,49625c5f83f1024aca1f454797806c8957f320172006148da8af9cbe298906e8,MARKDOWN_INTENTIONAL_HARD_BREAK
docs/sprints/SPR-018_P-018-01_DIAG-001_CKO_CORE_IMPORT_REPORT.md,148,2,0,`P_018_01_CAUSAL_RELATION: NO`,`ROOT_CAUSE_CLASSIFICATION: EXECUTOR_TIMEOUT_ARTIFACT`,`PROJECT_CODE_CHANGE_REQUIRED: NO`,md,removal changes Markdown hard break to a soft break,49625c5f83f1024aca1f454797806c8957f320172006148da8af9cbe298906e8,MARKDOWN_INTENTIONAL_HARD_BREAK
docs/sprints/SPR-018_P-018-01_DIAG-001_CKO_CORE_IMPORT_REPORT.md,149,2,0,`PROJECT_CODE_CHANGE_REQUIRED: NO`,`P_018_01_CAUSAL_RELATION: NO`,`DEPENDENCY_CHANGE_REQUIRED: NO`,md,removal changes Markdown hard break to a soft break,49625c5f83f1024aca1f454797806c8957f320172006148da8af9cbe298906e8,MARKDOWN_INTENTIONAL_HARD_BREAK
docs/sprints/SPR-018_P-018-01_DIAG-001_CKO_CORE_IMPORT_REPORT.md,150,2,0,`DEPENDENCY_CHANGE_REQUIRED: NO`,`PROJECT_CODE_CHANGE_REQUIRED: NO`,`ENVIRONMENT_CHANGE_REQUIRED: NO`,md,removal changes Markdown hard break to a soft break,49625c5f83f1024aca1f454797806c8957f320172006148da8af9cbe298906e8,MARKDOWN_INTENTIONAL_HARD_BREAK
docs/sprints/SPR-018_P-018-01_DIAG-001_CKO_CORE_IMPORT_REPORT.md,151,2,0,`ENVIRONMENT_CHANGE_REQUIRED: NO`,`DEPENDENCY_CHANGE_REQUIRED: NO`,`P1_R17_REPLAY_RECOMMENDED: YES`,md,removal changes Markdown hard break to a soft break,49625c5f83f1024aca1f454797806c8957f320172006148da8af9cbe298906e8,MARKDOWN_INTENTIONAL_HARD_BREAK
docs/sprints/SPR-018_P-018-01_DIAG-001_CKO_CORE_IMPORT_REPORT.md,152,2,0,`P1_R17_REPLAY_RECOMMENDED: YES`,`ENVIRONMENT_CHANGE_REQUIRED: NO`,`P_018_02_AUTHORIZED: NO`,md,removal changes Markdown hard break to a soft break,49625c5f83f1024aca1f454797806c8957f320172006148da8af9cbe298906e8,MARKDOWN_INTENTIONAL_HARD_BREAK
docs/sprints/SPR-018_P-018-01_P1-R17_ENV-002D_FINAL_VALIDATION_REPORT.md,3,2,0,**Date:** 2026-08-13,,**Operation:** ENV-002D — P1-R17 Final Validation Replay,md,removal changes Markdown hard break to a soft break,211ea1c09bcd87f971b42689e0a016975851a1e3a51270fb90d6bdfb26d0f3a0,MARKDOWN_INTENTIONAL_HARD_BREAK
docs/sprints/SPR-018_P-018-01_P1-R17_ENV-002D_FINAL_VALIDATION_REPORT.md,4,2,0,**Operation:** ENV-002D — P1-R17 Final Validation Replay,**Date:** 2026-08-13,**Verdict:** `P1-R17 FAILED — P-018-01 REQUIRES TECHNICAL REVIEW`,md,removal changes Markdown hard break to a soft break,211ea1c09bcd87f971b42689e0a016975851a1e3a51270fb90d6bdfb26d0f3a0,MARKDOWN_INTENTIONAL_HARD_BREAK
docs/sprints/SPR-018_P-018-01_P1-R17_ENV-002D_FINAL_VALIDATION_REPORT.md,138,2,0,`PYTHON_3_13_VALIDATED: YES`,,`CKO_ROOT_IMPORT: IMPORT_OK`,md,removal changes Markdown hard break to a soft break,211ea1c09bcd87f971b42689e0a016975851a1e3a51270fb90d6bdfb26d0f3a0,MARKDOWN_INTENTIONAL_HARD_BREAK
docs/sprints/SPR-018_P-018-01_P1-R17_ENV-002D_FINAL_VALIDATION_REPORT.md,139,2,0,`CKO_ROOT_IMPORT: IMPORT_OK`,`PYTHON_3_13_VALIDATED: YES`,`CKO_CORE_IMPORT: IMPORT_OK`,md,removal changes Markdown hard break to a soft break,211ea1c09bcd87f971b42689e0a016975851a1e3a51270fb90d6bdfb26d0f3a0,MARKDOWN_INTENTIONAL_HARD_BREAK
docs/sprints/SPR-018_P-018-01_P1-R17_ENV-002D_FINAL_VALIDATION_REPORT.md,140,2,0,`CKO_CORE_IMPORT: IMPORT_OK`,`CKO_ROOT_IMPORT: IMPORT_OK`,`CKO_CORE_IMPORT_DURATION: 2.468840 s`,md,removal changes Markdown hard break to a soft break,211ea1c09bcd87f971b42689e0a016975851a1e3a51270fb90d6bdfb26d0f3a0,MARKDOWN_INTENTIONAL_HARD_BREAK
docs/sprints/SPR-018_P-018-01_P1-R17_ENV-002D_FINAL_VALIDATION_REPORT.md,141,2,0,`CKO_CORE_IMPORT_DURATION: 2.468840 s`,`CKO_CORE_IMPORT: IMPORT_OK`,`ENVIRONMENT_SMOKE: PASS`,md,removal changes Markdown hard break to a soft break,211ea1c09bcd87f971b42689e0a016975851a1e3a51270fb90d6bdfb26d0f3a0,MARKDOWN_INTENTIONAL_HARD_BREAK
docs/sprints/SPR-018_P-018-01_P1-R17_ENV-002D_FINAL_VALIDATION_REPORT.md,142,2,0,`ENVIRONMENT_SMOKE: PASS`,`CKO_CORE_IMPORT_DURATION: 2.468840 s`,`DEDICATED_TESTS: PASS — 22/22`,md,removal changes Markdown hard break to a soft break,211ea1c09bcd87f971b42689e0a016975851a1e3a51270fb90d6bdfb26d0f3a0,MARKDOWN_INTENTIONAL_HARD_BREAK
docs/sprints/SPR-018_P-018-01_P1-R17_ENV-002D_FINAL_VALIDATION_REPORT.md,143,2,0,`DEDICATED_TESTS: PASS — 22/22`,`ENVIRONMENT_SMOKE: PASS`,"`FULL_REGRESSION: FAIL — 948 passed, 4 failed`",md,removal changes Markdown hard break to a soft break,211ea1c09bcd87f971b42689e0a016975851a1e3a51270fb90d6bdfb26d0f3a0,MARKDOWN_INTENTIONAL_HARD_BREAK
docs/sprints/SPR-018_P-018-01_P1-R17_ENV-002D_FINAL_VALIDATION_REPORT.md,144,2,0,"`FULL_REGRESSION: FAIL — 948 passed, 4 failed`",`DEDICATED_TESTS: PASS — 22/22`,`SDK_VERSION: 1.0.0`,md,removal changes Markdown hard break to a soft break,211ea1c09bcd87f971b42689e0a016975851a1e3a51270fb90d6bdfb26d0f3a0,MARKDOWN_INTENTIONAL_HARD_BREAK
docs/sprints/SPR-018_P-018-01_P1-R17_ENV-002D_FINAL_VALIDATION_REPORT.md,145,2,0,`SDK_VERSION: 1.0.0`,"`FULL_REGRESSION: FAIL — 948 passed, 4 failed`",`PUBLIC_API_COUNTS: 646 / 646 / 646`,md,removal changes Markdown hard break to a soft break,211ea1c09bcd87f971b42689e0a016975851a1e3a51270fb90d6bdfb26d0f3a0,MARKDOWN_INTENTIONAL_HARD_BREAK
docs/sprints/SPR-018_P-018-01_P1-R17_ENV-002D_FINAL_VALIDATION_REPORT.md,146,2,0,`PUBLIC_API_COUNTS: 646 / 646 / 646`,`SDK_VERSION: 1.0.0`,`PUBLIC_API_FINGERPRINT: d47d3fea99b5773ec2eb97fce56d8f542211fb3104951f61b93f5265b16f9232`,md,removal changes Markdown hard break to a soft break,211ea1c09bcd87f971b42689e0a016975851a1e3a51270fb90d6bdfb26d0f3a0,MARKDOWN_INTENTIONAL_HARD_BREAK
docs/sprints/SPR-018_P-018-01_P1-R17_ENV-002D_FINAL_VALIDATION_REPORT.md,147,2,0,`PUBLIC_API_FINGERPRINT: d47d3fea99b5773ec2eb97fce56d8f542211fb3104951f61b93f5265b16f9232`,`PUBLIC_API_COUNTS: 646 / 646 / 646`,`WHEEL_BUILD: NOT EXECUTED — PRECONDITION FAILED`,md,removal changes Markdown hard break to a soft break,211ea1c09bcd87f971b42689e0a016975851a1e3a51270fb90d6bdfb26d0f3a0,MARKDOWN_INTENTIONAL_HARD_BREAK
docs/sprints/SPR-018_P-018-01_P1-R17_ENV-002D_FINAL_VALIDATION_REPORT.md,148,2,0,`WHEEL_BUILD: NOT EXECUTED — PRECONDITION FAILED`,`PUBLIC_API_FINGERPRINT: d47d3fea99b5773ec2eb97fce56d8f542211fb3104951f61b93f5265b16f9232`,`WHEEL_SHA256: NOT AVAILABLE`,md,removal changes Markdown hard break to a soft break,211ea1c09bcd87f971b42689e0a016975851a1e3a51270fb90d6bdfb26d0f3a0,MARKDOWN_INTENTIONAL_HARD_BREAK
docs/sprints/SPR-018_P-018-01_P1-R17_ENV-002D_FINAL_VALIDATION_REPORT.md,149,2,0,`WHEEL_SHA256: NOT AVAILABLE`,`WHEEL_BUILD: NOT EXECUTED — PRECONDITION FAILED`,`ISOLATED_WHEEL_REPLAY: NOT EXECUTED`,md,removal changes Markdown hard break to a soft break,211ea1c09bcd87f971b42689e0a016975851a1e3a51270fb90d6bdfb26d0f3a0,MARKDOWN_INTENTIONAL_HARD_BREAK
docs/sprints/SPR-018_P-018-01_P1-R17_ENV-002D_FINAL_VALIDATION_REPORT.md,150,2,0,`ISOLATED_WHEEL_REPLAY: NOT EXECUTED`,`WHEEL_SHA256: NOT AVAILABLE`,`P1_R17_STATUS: FAILED`,md,removal changes Markdown hard break to a soft break,211ea1c09bcd87f971b42689e0a016975851a1e3a51270fb90d6bdfb26d0f3a0,MARKDOWN_INTENTIONAL_HARD_BREAK
docs/sprints/SPR-018_P-018-01_P1-R17_ENV-002D_FINAL_VALIDATION_REPORT.md,151,2,0,`P1_R17_STATUS: FAILED`,`ISOLATED_WHEEL_REPLAY: NOT EXECUTED`,`P_018_01_VALIDATION_STATUS: FAILED`,md,removal changes Markdown hard break to a soft break,211ea1c09bcd87f971b42689e0a016975851a1e3a51270fb90d6bdfb26d0f3a0,MARKDOWN_INTENTIONAL_HARD_BREAK
docs/sprints/SPR-018_P-018-01_P1-R17_ENV-002D_FINAL_VALIDATION_REPORT.md,152,2,0,`P_018_01_VALIDATION_STATUS: FAILED`,`P1_R17_STATUS: FAILED`,`READY_FOR_GIT_CONSOLIDATION: NO`,md,removal changes Markdown hard break to a soft break,211ea1c09bcd87f971b42689e0a016975851a1e3a51270fb90d6bdfb26d0f3a0,MARKDOWN_INTENTIONAL_HARD_BREAK
docs/sprints/SPR-018_P-018-01_P1-R17_ENV-002D_FINAL_VALIDATION_REPORT.md,153,2,0,`READY_FOR_GIT_CONSOLIDATION: NO`,`P_018_01_VALIDATION_STATUS: FAILED`,`PUBLIC_API_IMPACT: NONE`,md,removal changes Markdown hard break to a soft break,211ea1c09bcd87f971b42689e0a016975851a1e3a51270fb90d6bdfb26d0f3a0,MARKDOWN_INTENTIONAL_HARD_BREAK
docs/sprints/SPR-018_P-018-01_P1-R17_ENV-002D_FINAL_VALIDATION_REPORT.md,154,2,0,`PUBLIC_API_IMPACT: NONE`,`READY_FOR_GIT_CONSOLIDATION: NO`,`BREAKING_CHANGE: NO`,md,removal changes Markdown hard break to a soft break,211ea1c09bcd87f971b42689e0a016975851a1e3a51270fb90d6bdfb26d0f3a0,MARKDOWN_INTENTIONAL_HARD_BREAK
docs/sprints/SPR-018_P-018-01_P1-R17_ENV-002D_FINAL_VALIDATION_REPORT.md,155,2,0,`BREAKING_CHANGE: NO`,`PUBLIC_API_IMPACT: NONE`,`P_018_01_CAUSAL_RELATION_TO_PREVIOUS_TIMEOUT: NO`,md,removal changes Markdown hard break to a soft break,211ea1c09bcd87f971b42689e0a016975851a1e3a51270fb90d6bdfb26d0f3a0,MARKDOWN_INTENTIONAL_HARD_BREAK
docs/sprints/SPR-018_P-018-01_P1-R17_ENV-002D_FINAL_VALIDATION_REPORT.md,156,2,0,`P_018_01_CAUSAL_RELATION_TO_PREVIOUS_TIMEOUT: NO`,`BREAKING_CHANGE: NO`,`P_018_02_AUTHORIZED: NO`,md,removal changes Markdown hard break to a soft break,211ea1c09bcd87f971b42689e0a016975851a1e3a51270fb90d6bdfb26d0f3a0,MARKDOWN_INTENTIONAL_HARD_BREAK
docs/sprints/SPR-018_P-018-01_VAL-003_BASELINE_DIFFERENTIAL_REPORT.md,3,2,0,**Date:** 2026-08-13,,**Operation:** VAL-003 — P1-R17 Baseline Differential Regression,md,removal changes Markdown hard break to a soft break,81a69c228c471b765cd519297338aed206ec87fe882486ac8cad49dff1b70d58,MARKDOWN_INTENTIONAL_HARD_BREAK
docs/sprints/SPR-018_P-018-01_VAL-003_BASELINE_DIFFERENTIAL_REPORT.md,4,2,0,**Operation:** VAL-003 — P1-R17 Baseline Differential Regression,**Date:** 2026-08-13,**Verdict:** `VAL-003 COMPLETE — P-018-01 INTRODUCES ZERO NEW REGRESSIONS`,md,removal changes Markdown hard break to a soft break,81a69c228c471b765cd519297338aed206ec87fe882486ac8cad49dff1b70d58,MARKDOWN_INTENTIONAL_HARD_BREAK
docs/sprints/SPR-018_P-018-01_VAL-003_BASELINE_DIFFERENTIAL_REPORT.md,84,2,0,`P_018_01_NEW_REGRESSIONS: 0`,,`P_018_01_CAUSAL_RELATION_TO_FULL_REGRESSION_FAILURES: NO`,md,removal changes Markdown hard break to a soft break,81a69c228c471b765cd519297338aed206ec87fe882486ac8cad49dff1b70d58,MARKDOWN_INTENTIONAL_HARD_BREAK
docs/sprints/SPR-018_P-018-01_VAL-003_BASELINE_DIFFERENTIAL_REPORT.md,123,2,0,`CLEAN_HEAD_TESTS: 930`,,`CLEAN_HEAD_PASSED: 925`,md,removal changes Markdown hard break to a soft break,81a69c228c471b765cd519297338aed206ec87fe882486ac8cad49dff1b70d58,MARKDOWN_INTENTIONAL_HARD_BREAK
docs/sprints/SPR-018_P-018-01_VAL-003_BASELINE_DIFFERENTIAL_REPORT.md,124,2,0,`CLEAN_HEAD_PASSED: 925`,`CLEAN_HEAD_TESTS: 930`,`CLEAN_HEAD_FAILED: 5`,md,removal changes Markdown hard break to a soft break,81a69c228c471b765cd519297338aed206ec87fe882486ac8cad49dff1b70d58,MARKDOWN_INTENTIONAL_HARD_BREAK
docs/sprints/SPR-018_P-018-01_VAL-003_BASELINE_DIFFERENTIAL_REPORT.md,125,2,0,`CLEAN_HEAD_FAILED: 5`,`CLEAN_HEAD_PASSED: 925`,`FAILURE_1_REPRODUCED: REPRODUCED_IDENTICALLY`,md,removal changes Markdown hard break to a soft break,81a69c228c471b765cd519297338aed206ec87fe882486ac8cad49dff1b70d58,MARKDOWN_INTENTIONAL_HARD_BREAK
docs/sprints/SPR-018_P-018-01_VAL-003_BASELINE_DIFFERENTIAL_REPORT.md,126,2,0,`FAILURE_1_REPRODUCED: REPRODUCED_IDENTICALLY`,`CLEAN_HEAD_FAILED: 5`,`FAILURE_2_REPRODUCED: REPRODUCED_WITH_ENVIRONMENTAL_VARIATION`,md,removal changes Markdown hard break to a soft break,81a69c228c471b765cd519297338aed206ec87fe882486ac8cad49dff1b70d58,MARKDOWN_INTENTIONAL_HARD_BREAK
docs/sprints/SPR-018_P-018-01_VAL-003_BASELINE_DIFFERENTIAL_REPORT.md,127,2,0,`FAILURE_2_REPRODUCED: REPRODUCED_WITH_ENVIRONMENTAL_VARIATION`,`FAILURE_1_REPRODUCED: REPRODUCED_IDENTICALLY`,`FAILURE_3_REPRODUCED: REPRODUCED_WITH_ENVIRONMENTAL_VARIATION`,md,removal changes Markdown hard break to a soft break,81a69c228c471b765cd519297338aed206ec87fe882486ac8cad49dff1b70d58,MARKDOWN_INTENTIONAL_HARD_BREAK
docs/sprints/SPR-018_P-018-01_VAL-003_BASELINE_DIFFERENTIAL_REPORT.md,128,2,0,`FAILURE_3_REPRODUCED: REPRODUCED_WITH_ENVIRONMENTAL_VARIATION`,`FAILURE_2_REPRODUCED: REPRODUCED_WITH_ENVIRONMENTAL_VARIATION`,`FAILURE_4_REPRODUCED: REPRODUCED_WITH_ENVIRONMENTAL_VARIATION`,md,removal changes Markdown hard break to a soft break,81a69c228c471b765cd519297338aed206ec87fe882486ac8cad49dff1b70d58,MARKDOWN_INTENTIONAL_HARD_BREAK
docs/sprints/SPR-018_P-018-01_VAL-003_BASELINE_DIFFERENTIAL_REPORT.md,129,2,0,`FAILURE_4_REPRODUCED: REPRODUCED_WITH_ENVIRONMENTAL_VARIATION`,`FAILURE_3_REPRODUCED: REPRODUCED_WITH_ENVIRONMENTAL_VARIATION`,`P_018_01_NEW_REGRESSIONS: 0`,md,removal changes Markdown hard break to a soft break,81a69c228c471b765cd519297338aed206ec87fe882486ac8cad49dff1b70d58,MARKDOWN_INTENTIONAL_HARD_BREAK
docs/sprints/SPR-018_P-018-01_VAL-003_BASELINE_DIFFERENTIAL_REPORT.md,130,2,0,`P_018_01_NEW_REGRESSIONS: 0`,`FAILURE_4_REPRODUCED: REPRODUCED_WITH_ENVIRONMENTAL_VARIATION`,`P_018_01_CAUSAL_RELATION_TO_FAILURES: NO`,md,removal changes Markdown hard break to a soft break,81a69c228c471b765cd519297338aed206ec87fe882486ac8cad49dff1b70d58,MARKDOWN_INTENTIONAL_HARD_BREAK
docs/sprints/SPR-018_P-018-01_VAL-003_BASELINE_DIFFERENTIAL_REPORT.md,131,2,0,`P_018_01_CAUSAL_RELATION_TO_FAILURES: NO`,`P_018_01_NEW_REGRESSIONS: 0`,`BASELINE_TECHNICAL_DEBT_PRESENT: YES`,md,removal changes Markdown hard break to a soft break,81a69c228c471b765cd519297338aed206ec87fe882486ac8cad49dff1b70d58,MARKDOWN_INTENTIONAL_HARD_BREAK
docs/sprints/SPR-018_P-018-01_VAL-003_BASELINE_DIFFERENTIAL_REPORT.md,132,2,0,`BASELINE_TECHNICAL_DEBT_PRESENT: YES`,`P_018_01_CAUSAL_RELATION_TO_FAILURES: NO`,`P1_R17_WHEEL_REPLAY_CAN_BE_CONSIDERED: YES — SUBJECT TO HUMAN DECISION`,md,removal changes Markdown hard break to a soft break,81a69c228c471b765cd519297338aed206ec87fe882486ac8cad49dff1b70d58,MARKDOWN_INTENTIONAL_HARD_BREAK
docs/sprints/SPR-018_P-018-01_VAL-003_BASELINE_DIFFERENTIAL_REPORT.md,133,2,0,`P1_R17_WHEEL_REPLAY_CAN_BE_CONSIDERED: YES — SUBJECT TO HUMAN DECISION`,`BASELINE_TECHNICAL_DEBT_PRESENT: YES`,`PROJECT_CODE_CHANGE_REQUIRED_FOR_P_018_01: NO`,md,removal changes Markdown hard break to a soft break,81a69c228c471b765cd519297338aed206ec87fe882486ac8cad49dff1b70d58,MARKDOWN_INTENTIONAL_HARD_BREAK
docs/sprints/SPR-018_P-018-01_VAL-003_BASELINE_DIFFERENTIAL_REPORT.md,134,2,0,`PROJECT_CODE_CHANGE_REQUIRED_FOR_P_018_01: NO`,`P1_R17_WHEEL_REPLAY_CAN_BE_CONSIDERED: YES — SUBJECT TO HUMAN DECISION`,`P_018_02_AUTHORIZED: NO`,md,removal changes Markdown hard break to a soft break,81a69c228c471b765cd519297338aed206ec87fe882486ac8cad49dff1b70d58,MARKDOWN_INTENTIONAL_HARD_BREAK
docs/sprints/SPR-018_P-018-01_VAL-004_WHEEL_REPLAY_REPORT.md,3,2,0,**Date:** 2026-08-13,,**Operation:** VAL-004 — P1-R17 Wheel Build and Isolated Replay,md,removal changes Markdown hard break to a soft break,81a63d74781749f5f76d574b87bd9c1e0d090f158c0c4003e51bd35419f0fd23,MARKDOWN_INTENTIONAL_HARD_BREAK
docs/sprints/SPR-018_P-018-01_VAL-004_WHEEL_REPLAY_REPORT.md,4,2,0,**Operation:** VAL-004 — P1-R17 Wheel Build and Isolated Replay,**Date:** 2026-08-13,**Verdict:** `VAL-004 BLOCKED — P-018-01 PACKAGING DECISION REQUIRED`,md,removal changes Markdown hard break to a soft break,81a63d74781749f5f76d574b87bd9c1e0d090f158c0c4003e51bd35419f0fd23,MARKDOWN_INTENTIONAL_HARD_BREAK
docs/sprints/SPR-018_P-018-01_VAL-004_WHEEL_REPLAY_REPORT.md,243,2,0,`WHEEL_BUILD: PASS`,,`WHEEL_NAME: cko-1.0.0-py3-none-any.whl`,md,removal changes Markdown hard break to a soft break,81a63d74781749f5f76d574b87bd9c1e0d090f158c0c4003e51bd35419f0fd23,MARKDOWN_INTENTIONAL_HARD_BREAK
docs/sprints/SPR-018_P-018-01_VAL-004_WHEEL_REPLAY_REPORT.md,244,2,0,`WHEEL_NAME: cko-1.0.0-py3-none-any.whl`,`WHEEL_BUILD: PASS`,`WHEEL_SHA256: 8e2c7cf609855a9f88779bfbef4d9cc16c542e00c6468dfe143887928d12a650`,md,removal changes Markdown hard break to a soft break,81a63d74781749f5f76d574b87bd9c1e0d090f158c0c4003e51bd35419f0fd23,MARKDOWN_INTENTIONAL_HARD_BREAK
docs/sprints/SPR-018_P-018-01_VAL-004_WHEEL_REPLAY_REPORT.md,245,2,0,`WHEEL_SHA256: 8e2c7cf609855a9f88779bfbef4d9cc16c542e00c6468dfe143887928d12a650`,`WHEEL_NAME: cko-1.0.0-py3-none-any.whl`,`WHEEL_INSTALL: PASS`,md,removal changes Markdown hard break to a soft break,81a63d74781749f5f76d574b87bd9c1e0d090f158c0c4003e51bd35419f0fd23,MARKDOWN_INTENTIONAL_HARD_BREAK
docs/sprints/SPR-018_P-018-01_VAL-004_WHEEL_REPLAY_REPORT.md,246,2,0,`WHEEL_INSTALL: PASS`,`WHEEL_SHA256: 8e2c7cf609855a9f88779bfbef4d9cc16c542e00c6468dfe143887928d12a650`,`PIP_CHECK: PASS`,md,removal changes Markdown hard break to a soft break,81a63d74781749f5f76d574b87bd9c1e0d090f158c0c4003e51bd35419f0fd23,MARKDOWN_INTENTIONAL_HARD_BREAK
docs/sprints/SPR-018_P-018-01_VAL-004_WHEEL_REPLAY_REPORT.md,247,2,0,`PIP_CHECK: PASS`,`WHEEL_INSTALL: PASS`,`ISOLATED_CKO_IMPORT: PASS`,md,removal changes Markdown hard break to a soft break,81a63d74781749f5f76d574b87bd9c1e0d090f158c0c4003e51bd35419f0fd23,MARKDOWN_INTENTIONAL_HARD_BREAK
docs/sprints/SPR-018_P-018-01_VAL-004_WHEEL_REPLAY_REPORT.md,248,2,0,`ISOLATED_CKO_IMPORT: PASS`,`PIP_CHECK: PASS`,`ISOLATED_CKO_CORE_IMPORT: PASS`,md,removal changes Markdown hard break to a soft break,81a63d74781749f5f76d574b87bd9c1e0d090f158c0c4003e51bd35419f0fd23,MARKDOWN_INTENTIONAL_HARD_BREAK
docs/sprints/SPR-018_P-018-01_VAL-004_WHEEL_REPLAY_REPORT.md,249,2,0,`ISOLATED_CKO_CORE_IMPORT: PASS`,`ISOLATED_CKO_IMPORT: PASS`,`SDK_VERSION: 1.0.0`,md,removal changes Markdown hard break to a soft break,81a63d74781749f5f76d574b87bd9c1e0d090f158c0c4003e51bd35419f0fd23,MARKDOWN_INTENTIONAL_HARD_BREAK
docs/sprints/SPR-018_P-018-01_VAL-004_WHEEL_REPLAY_REPORT.md,250,2,0,`SDK_VERSION: 1.0.0`,`ISOLATED_CKO_CORE_IMPORT: PASS`,`PUBLIC_API_COUNTS: 646 / 646 / 646`,md,removal changes Markdown hard break to a soft break,81a63d74781749f5f76d574b87bd9c1e0d090f158c0c4003e51bd35419f0fd23,MARKDOWN_INTENTIONAL_HARD_BREAK
docs/sprints/SPR-018_P-018-01_VAL-004_WHEEL_REPLAY_REPORT.md,251,2,0,`PUBLIC_API_COUNTS: 646 / 646 / 646`,`SDK_VERSION: 1.0.0`,`PUBLIC_API_FINGERPRINT: d47d3fea99b5773ec2eb97fce56d8f542211fb3104951f61b93f5265b16f9232`,md,removal changes Markdown hard break to a soft break,81a63d74781749f5f76d574b87bd9c1e0d090f158c0c4003e51bd35419f0fd23,MARKDOWN_INTENTIONAL_HARD_BREAK
docs/sprints/SPR-018_P-018-01_VAL-004_WHEEL_REPLAY_REPORT.md,252,2,0,`PUBLIC_API_FINGERPRINT: d47d3fea99b5773ec2eb97fce56d8f542211fb3104951f61b93f5265b16f9232`,`PUBLIC_API_COUNTS: 646 / 646 / 646`,`FCP_INCLUDED_IN_WHEEL: NO`,md,removal changes Markdown hard break to a soft break,81a63d74781749f5f76d574b87bd9c1e0d090f158c0c4003e51bd35419f0fd23,MARKDOWN_INTENTIONAL_HARD_BREAK
docs/sprints/SPR-018_P-018-01_VAL-004_WHEEL_REPLAY_REPORT.md,253,2,0,`FCP_INCLUDED_IN_WHEEL: NO`,`PUBLIC_API_FINGERPRINT: d47d3fea99b5773ec2eb97fce56d8f542211fb3104951f61b93f5265b16f9232`,`P_018_01_IMPORTABLE_FROM_INSTALLED_ARTIFACT: NO`,md,removal changes Markdown hard break to a soft break,81a63d74781749f5f76d574b87bd9c1e0d090f158c0c4003e51bd35419f0fd23,MARKDOWN_INTENTIONAL_HARD_BREAK
docs/sprints/SPR-018_P-018-01_VAL-004_WHEEL_REPLAY_REPORT.md,254,2,0,`P_018_01_IMPORTABLE_FROM_INSTALLED_ARTIFACT: NO`,`FCP_INCLUDED_IN_WHEEL: NO`,`PACKAGING_CHANGE_REQUIRED: YES — HUMAN DECISION REQUIRED`,md,removal changes Markdown hard break to a soft break,81a63d74781749f5f76d574b87bd9c1e0d090f158c0c4003e51bd35419f0fd23,MARKDOWN_INTENTIONAL_HARD_BREAK
docs/sprints/SPR-018_P-018-01_VAL-004_WHEEL_REPLAY_REPORT.md,255,2,0,`PACKAGING_CHANGE_REQUIRED: YES — HUMAN DECISION REQUIRED`,`P_018_01_IMPORTABLE_FROM_INSTALLED_ARTIFACT: NO`,`P_018_01_NEW_REGRESSIONS: 0`,md,removal changes Markdown hard break to a soft break,81a63d74781749f5f76d574b87bd9c1e0d090f158c0c4003e51bd35419f0fd23,MARKDOWN_INTENTIONAL_HARD_BREAK
docs/sprints/SPR-018_P-018-01_VAL-004_WHEEL_REPLAY_REPORT.md,256,2,0,`P_018_01_NEW_REGRESSIONS: 0`,`PACKAGING_CHANGE_REQUIRED: YES — HUMAN DECISION REQUIRED`,`BASELINE_TECHNICAL_DEBT_PRESENT: YES`,md,removal changes Markdown hard break to a soft break,81a63d74781749f5f76d574b87bd9c1e0d090f158c0c4003e51bd35419f0fd23,MARKDOWN_INTENTIONAL_HARD_BREAK
docs/sprints/SPR-018_P-018-01_VAL-004_WHEEL_REPLAY_REPORT.md,257,2,0,`BASELINE_TECHNICAL_DEBT_PRESENT: YES`,`P_018_01_NEW_REGRESSIONS: 0`,`P1_R17_STATUS: BLOCKED`,md,removal changes Markdown hard break to a soft break,81a63d74781749f5f76d574b87bd9c1e0d090f158c0c4003e51bd35419f0fd23,MARKDOWN_INTENTIONAL_HARD_BREAK
docs/sprints/SPR-018_P-018-01_VAL-004_WHEEL_REPLAY_REPORT.md,258,2,0,`P1_R17_STATUS: BLOCKED`,`BASELINE_TECHNICAL_DEBT_PRESENT: YES`,`P_018_01_VALIDATION_STATUS: BLOCKED — PACKAGING DECISION REQUIRED`,md,removal changes Markdown hard break to a soft break,81a63d74781749f5f76d574b87bd9c1e0d090f158c0c4003e51bd35419f0fd23,MARKDOWN_INTENTIONAL_HARD_BREAK
docs/sprints/SPR-018_P-018-01_VAL-004_WHEEL_REPLAY_REPORT.md,259,2,0,`P_018_01_VALIDATION_STATUS: BLOCKED — PACKAGING DECISION REQUIRED`,`P1_R17_STATUS: BLOCKED`,`READY_FOR_GIT_CONSOLIDATION: NO`,md,removal changes Markdown hard break to a soft break,81a63d74781749f5f76d574b87bd9c1e0d090f158c0c4003e51bd35419f0fd23,MARKDOWN_INTENTIONAL_HARD_BREAK
docs/sprints/SPR-018_P-018-01_VAL-004_WHEEL_REPLAY_REPORT.md,260,2,0,`READY_FOR_GIT_CONSOLIDATION: NO`,`P_018_01_VALIDATION_STATUS: BLOCKED — PACKAGING DECISION REQUIRED`,`PUBLIC_API_IMPACT: NONE`,md,removal changes Markdown hard break to a soft break,81a63d74781749f5f76d574b87bd9c1e0d090f158c0c4003e51bd35419f0fd23,MARKDOWN_INTENTIONAL_HARD_BREAK
docs/sprints/SPR-018_P-018-01_VAL-004_WHEEL_REPLAY_REPORT.md,261,2,0,`PUBLIC_API_IMPACT: NONE`,`READY_FOR_GIT_CONSOLIDATION: NO`,`BREAKING_CHANGE: NO`,md,removal changes Markdown hard break to a soft break,81a63d74781749f5f76d574b87bd9c1e0d090f158c0c4003e51bd35419f0fd23,MARKDOWN_INTENTIONAL_HARD_BREAK
docs/sprints/SPR-018_P-018-01_VAL-004_WHEEL_REPLAY_REPORT.md,262,2,0,`BREAKING_CHANGE: NO`,`PUBLIC_API_IMPACT: NONE`,`P_018_02_AUTHORIZED: NO`,md,removal changes Markdown hard break to a soft break,81a63d74781749f5f76d574b87bd9c1e0d090f158c0c4003e51bd35419f0fd23,MARKDOWN_INTENTIONAL_HARD_BREAK
docs/sprints/SPR-018_P-018-01_ADR-007_PACKAGING_IMPLEMENTATION_REPORT.md,3,2,0,**Date:** 2026-08-13,,**Scope:** ADR-007 ratification and P-018-01 packaging only,md,removal changes Markdown hard break to a soft break,d5e7da942d195ec06548f09d7eeff158b240b4e06cd3e0de2cb617ec1e25d623,MARKDOWN_INTENTIONAL_HARD_BREAK
docs/sprints/SPR-018_P-018-01_ADR-007_PACKAGING_IMPLEMENTATION_REPORT.md,4,2,0,**Scope:** ADR-007 ratification and P-018-01 packaging only,**Date:** 2026-08-13,**Verdict:** `ADR-007 IMPLEMENTED — P1-R17 SATISFIED — P-018-01 READY FOR CONTROLLED CONSOLIDATION`,md,removal changes Markdown hard break to a soft break,d5e7da942d195ec06548f09d7eeff158b240b4e06cd3e0de2cb617ec1e25d623,MARKDOWN_INTENTIONAL_HARD_BREAK
docs/sprints/SPR-018_P-018-01_ADR-007_PACKAGING_IMPLEMENTATION_REPORT.md,214,2,0,`ADR_007_STATUS: RATIFIED`,,`DISTRIBUTION: cko-fcp`,md,removal changes Markdown hard break to a soft break,d5e7da942d195ec06548f09d7eeff158b240b4e06cd3e0de2cb617ec1e25d623,MARKDOWN_INTENTIONAL_HARD_BREAK
docs/sprints/SPR-018_P-018-01_ADR-007_PACKAGING_IMPLEMENTATION_REPORT.md,215,2,0,`DISTRIBUTION: cko-fcp`,`ADR_007_STATUS: RATIFIED`,`IMPORT_NAMESPACE: cko_fcp`,md,removal changes Markdown hard break to a soft break,d5e7da942d195ec06548f09d7eeff158b240b4e06cd3e0de2cb617ec1e25d623,MARKDOWN_INTENTIONAL_HARD_BREAK
docs/sprints/SPR-018_P-018-01_ADR-007_PACKAGING_IMPLEMENTATION_REPORT.md,216,2,0,`IMPORT_NAMESPACE: cko_fcp`,`DISTRIBUTION: cko-fcp`,`DISTRIBUTION_VERSION: 0.1.0`,md,removal changes Markdown hard break to a soft break,d5e7da942d195ec06548f09d7eeff158b240b4e06cd3e0de2cb617ec1e25d623,MARKDOWN_INTENTIONAL_HARD_BREAK
docs/sprints/SPR-018_P-018-01_ADR-007_PACKAGING_IMPLEMENTATION_REPORT.md,217,2,0,`DISTRIBUTION_VERSION: 0.1.0`,`IMPORT_NAMESPACE: cko_fcp`,`PROTOCOL_VERSION_POLICY: SEPARATE FCP PROTOCOL COMPATIBILITY VERSION`,md,removal changes Markdown hard break to a soft break,d5e7da942d195ec06548f09d7eeff158b240b4e06cd3e0de2cb617ec1e25d623,MARKDOWN_INTENTIONAL_HARD_BREAK
docs/sprints/SPR-018_P-018-01_ADR-007_PACKAGING_IMPLEMENTATION_REPORT.md,218,2,0,`PROTOCOL_VERSION_POLICY: SEPARATE FCP PROTOCOL COMPATIBILITY VERSION`,`DISTRIBUTION_VERSION: 0.1.0`,`DEDICATED_TESTS: 22 PASSED`,md,removal changes Markdown hard break to a soft break,d5e7da942d195ec06548f09d7eeff158b240b4e06cd3e0de2cb617ec1e25d623,MARKDOWN_INTENTIONAL_HARD_BREAK
docs/sprints/SPR-018_P-018-01_ADR-007_PACKAGING_IMPLEMENTATION_REPORT.md,219,2,0,`DEDICATED_TESTS: 22 PASSED`,`PROTOCOL_VERSION_POLICY: SEPARATE FCP PROTOCOL COMPATIBILITY VERSION`,`PACKAGING_TESTS: 8 PASSED`,md,removal changes Markdown hard break to a soft break,d5e7da942d195ec06548f09d7eeff158b240b4e06cd3e0de2cb617ec1e25d623,MARKDOWN_INTENTIONAL_HARD_BREAK
docs/sprints/SPR-018_P-018-01_ADR-007_PACKAGING_IMPLEMENTATION_REPORT.md,220,2,0,`PACKAGING_TESTS: 8 PASSED`,`DEDICATED_TESTS: 22 PASSED`,`FCP_WHEEL_BUILD: PASS`,md,removal changes Markdown hard break to a soft break,d5e7da942d195ec06548f09d7eeff158b240b4e06cd3e0de2cb617ec1e25d623,MARKDOWN_INTENTIONAL_HARD_BREAK
docs/sprints/SPR-018_P-018-01_ADR-007_PACKAGING_IMPLEMENTATION_REPORT.md,221,2,0,`FCP_WHEEL_BUILD: PASS`,`PACKAGING_TESTS: 8 PASSED`,`FCP_WHEEL_SHA256: 78c58f872b214d91e65a34045abcea57e633188ce1422457e78a6269235021dc`,md,removal changes Markdown hard break to a soft break,d5e7da942d195ec06548f09d7eeff158b240b4e06cd3e0de2cb617ec1e25d623,MARKDOWN_INTENTIONAL_HARD_BREAK
docs/sprints/SPR-018_P-018-01_ADR-007_PACKAGING_IMPLEMENTATION_REPORT.md,222,2,0,`FCP_WHEEL_SHA256: 78c58f872b214d91e65a34045abcea57e633188ce1422457e78a6269235021dc`,`FCP_WHEEL_BUILD: PASS`,`FCP_ONLY_INSTALL: PASS`,md,removal changes Markdown hard break to a soft break,d5e7da942d195ec06548f09d7eeff158b240b4e06cd3e0de2cb617ec1e25d623,MARKDOWN_INTENTIONAL_HARD_BREAK
docs/sprints/SPR-018_P-018-01_ADR-007_PACKAGING_IMPLEMENTATION_REPORT.md,223,2,0,`FCP_ONLY_INSTALL: PASS`,`FCP_WHEEL_SHA256: 78c58f872b214d91e65a34045abcea57e633188ce1422457e78a6269235021dc`,`DUAL_INSTALL: PASS`,md,removal changes Markdown hard break to a soft break,d5e7da942d195ec06548f09d7eeff158b240b4e06cd3e0de2cb617ec1e25d623,MARKDOWN_INTENTIONAL_HARD_BREAK
docs/sprints/SPR-018_P-018-01_ADR-007_PACKAGING_IMPLEMENTATION_REPORT.md,224,2,0,`DUAL_INSTALL: PASS`,`FCP_ONLY_INSTALL: PASS`,`SDK_VERSION: 1.0.0`,md,removal changes Markdown hard break to a soft break,d5e7da942d195ec06548f09d7eeff158b240b4e06cd3e0de2cb617ec1e25d623,MARKDOWN_INTENTIONAL_HARD_BREAK
docs/sprints/SPR-018_P-018-01_ADR-007_PACKAGING_IMPLEMENTATION_REPORT.md,225,2,0,`SDK_VERSION: 1.0.0`,`DUAL_INSTALL: PASS`,`PUBLIC_API_COUNTS: 646 / 646 / 646`,md,removal changes Markdown hard break to a soft break,d5e7da942d195ec06548f09d7eeff158b240b4e06cd3e0de2cb617ec1e25d623,MARKDOWN_INTENTIONAL_HARD_BREAK
docs/sprints/SPR-018_P-018-01_ADR-007_PACKAGING_IMPLEMENTATION_REPORT.md,226,2,0,`PUBLIC_API_COUNTS: 646 / 646 / 646`,`SDK_VERSION: 1.0.0`,`PUBLIC_API_FINGERPRINT: d47d3fea99b5773ec2eb97fce56d8f542211fb3104951f61b93f5265b16f9232`,md,removal changes Markdown hard break to a soft break,d5e7da942d195ec06548f09d7eeff158b240b4e06cd3e0de2cb617ec1e25d623,MARKDOWN_INTENTIONAL_HARD_BREAK
docs/sprints/SPR-018_P-018-01_ADR-007_PACKAGING_IMPLEMENTATION_REPORT.md,227,2,0,`PUBLIC_API_FINGERPRINT: d47d3fea99b5773ec2eb97fce56d8f542211fb3104951f61b93f5265b16f9232`,`PUBLIC_API_COUNTS: 646 / 646 / 646`,`PUBLIC_API_IMPACT: NONE`,md,removal changes Markdown hard break to a soft break,d5e7da942d195ec06548f09d7eeff158b240b4e06cd3e0de2cb617ec1e25d623,MARKDOWN_INTENTIONAL_HARD_BREAK
docs/sprints/SPR-018_P-018-01_ADR-007_PACKAGING_IMPLEMENTATION_REPORT.md,228,2,0,`PUBLIC_API_IMPACT: NONE`,`PUBLIC_API_FINGERPRINT: d47d3fea99b5773ec2eb97fce56d8f542211fb3104951f61b93f5265b16f9232`,`BREAKING_CHANGE: NO`,md,removal changes Markdown hard break to a soft break,d5e7da942d195ec06548f09d7eeff158b240b4e06cd3e0de2cb617ec1e25d623,MARKDOWN_INTENTIONAL_HARD_BREAK
docs/sprints/SPR-018_P-018-01_ADR-007_PACKAGING_IMPLEMENTATION_REPORT.md,229,2,0,`BREAKING_CHANGE: NO`,`PUBLIC_API_IMPACT: NONE`,`P_018_01_NEW_REGRESSIONS: 0`,md,removal changes Markdown hard break to a soft break,d5e7da942d195ec06548f09d7eeff158b240b4e06cd3e0de2cb617ec1e25d623,MARKDOWN_INTENTIONAL_HARD_BREAK
docs/sprints/SPR-018_P-018-01_ADR-007_PACKAGING_IMPLEMENTATION_REPORT.md,230,2,0,`P_018_01_NEW_REGRESSIONS: 0`,`BREAKING_CHANGE: NO`,`P1_R17_INCREMENTAL_STATUS: SATISFIED`,md,removal changes Markdown hard break to a soft break,d5e7da942d195ec06548f09d7eeff158b240b4e06cd3e0de2cb617ec1e25d623,MARKDOWN_INTENTIONAL_HARD_BREAK
docs/sprints/SPR-018_P-018-01_ADR-007_PACKAGING_IMPLEMENTATION_REPORT.md,231,2,0,`P1_R17_INCREMENTAL_STATUS: SATISFIED`,`P_018_01_NEW_REGRESSIONS: 0`,`READY_FOR_GIT_CONSOLIDATION: YES — PENDING HUMAN REVIEW`,md,removal changes Markdown hard break to a soft break,d5e7da942d195ec06548f09d7eeff158b240b4e06cd3e0de2cb617ec1e25d623,MARKDOWN_INTENTIONAL_HARD_BREAK
docs/sprints/SPR-018_P-018-01_ADR-007_PACKAGING_IMPLEMENTATION_REPORT.md,232,2,0,`READY_FOR_GIT_CONSOLIDATION: YES — PENDING HUMAN REVIEW`,`P1_R17_INCREMENTAL_STATUS: SATISFIED`,`P_018_02_AUTHORIZED: NO`,md,removal changes Markdown hard break to a soft break,d5e7da942d195ec06548f09d7eeff158b240b4e06cd3e0de2cb617ec1e25d623,MARKDOWN_INTENTIONAL_HARD_BREAK
