DECISION_ID,INVENTORY_ID,CURRENT_PATH,CURRENT_ACTION,REFERENCE_RISK,DECISION_PROPOSED,IMPACT_CLASS,BLOCKS_REL001,BLOCKS_OPS005,BLOCKS_RFC002,BLOCKS_SPR018,REMEDIATION_REQUIRED,HUMAN_APPROVAL_REQUIRED,RATIONALE
"DEC-0001","INV-0002",".vscode/extensions.json","HOLD","MEDIUM_REFERENCE_RISK","HOLD","BLOCKS_OPS005_ONLY; NON_BLOCKING_TECHNICAL_DEBT","NO","YES","NO","NO","YES","YES","HOLD institucional mantido (PATH_REFERENCED); liberar somente após decisão humana sobre autoridade, retenção, custódia, segurança e consumidores aplicáveis. Isolável da REL-001."
"DEC-0002","INV-0003",".vscode/settings.json","HOLD","MEDIUM_REFERENCE_RISK","HOLD","BLOCKS_OPS005_ONLY; NON_BLOCKING_TECHNICAL_DEBT","NO","YES","NO","NO","YES","YES","HOLD institucional mantido (PATH_REFERENCED); liberar somente após decisão humana sobre autoridade, retenção, custódia, segurança e consumidores aplicáveis. Isolável da REL-001."
"DEC-0003","INV-0004",".vscode/tasks.json","HOLD","MEDIUM_REFERENCE_RISK","HOLD","BLOCKS_OPS005_ONLY; NON_BLOCKING_TECHNICAL_DEBT","NO","YES","NO","NO","YES","YES","HOLD institucional mantido (PATH_REFERENCED); liberar somente após decisão humana sobre autoridade, retenção, custódia, segurança e consumidores aplicáveis. Isolável da REL-001."
"DEC-0004","INV-0006","ARCH-001_CKO_CORE_MASTER_ARCHITECTURE.md","MOVE","HIGH_REFERENCE_RISK","KEEP_CURRENT_PATH","BLOCKS_OPS005_ONLY","NO","YES","NO","NO","YES","YES","Permanecer no caminho atual (MIXED_REFERENCE); risco HIGH_REFERENCE_RISK afeta mudança física futura e exige mapa, atualização e validação de referências antes da OPS-005, mas não bloqueia consolidação documental seletiva."
"DEC-0005","INV-0007","ARCH-001_CKO_CORE_MASTER_ARCHITECTURE_v1.1.md","MOVE","HIGH_REFERENCE_RISK","KEEP_CURRENT_PATH","BLOCKS_OPS005_ONLY","NO","YES","NO","NO","YES","YES","Permanecer no caminho atual (MIXED_REFERENCE); risco HIGH_REFERENCE_RISK afeta mudança física futura e exige mapa, atualização e validação de referências antes da OPS-005, mas não bloqueia consolidação documental seletiva."
"DEC-0006","INV-0008","ARCH-001_CKO_CORE_MASTER_ARCHITECTURE_v1.2.md","MOVE","HIGH_REFERENCE_RISK","KEEP_CURRENT_PATH","BLOCKS_OPS005_ONLY","NO","YES","NO","NO","YES","YES","Permanecer no caminho atual (MIXED_REFERENCE); risco HIGH_REFERENCE_RISK afeta mudança física futura e exige mapa, atualização e validação de referências antes da OPS-005, mas não bloqueia consolidação documental seletiva."
"DEC-0007","INV-0009","ARQUITETURA_ATUAL.txt","MOVE","HIGH_REFERENCE_RISK","KEEP_CURRENT_PATH","BLOCKS_OPS005_ONLY","NO","YES","NO","NO","YES","YES","Permanecer no caminho atual (PATH_REFERENCED); risco HIGH_REFERENCE_RISK afeta mudança física futura e exige mapa, atualização e validação de referências antes da OPS-005, mas não bloqueia consolidação documental seletiva."
"DEC-0008","INV-0013","CKO_CORE_BASELINE_CONSOLIDATION_REPORT.md","MOVE","HIGH_REFERENCE_RISK","KEEP_CURRENT_PATH","BLOCKS_OPS005_ONLY","NO","YES","NO","NO","YES","YES","Permanecer no caminho atual (MIXED_REFERENCE); risco HIGH_REFERENCE_RISK afeta mudança física futura e exige mapa, atualização e validação de referências antes da OPS-005, mas não bloqueia consolidação documental seletiva."
"DEC-0009","INV-0014","CKO_CORE_BASELINE_EXECUTION_REPORT.md","MOVE","HIGH_REFERENCE_RISK","KEEP_CURRENT_PATH","BLOCKS_OPS005_ONLY","NO","YES","NO","NO","YES","YES","Permanecer no caminho atual (MIXED_REFERENCE); risco HIGH_REFERENCE_RISK afeta mudança física futura e exige mapa, atualização e validação de referências antes da OPS-005, mas não bloqueia consolidação documental seletiva."
"DEC-0010","INV-0015","CKO_CORE_V1_ARCHITECTURE_DECISION.md","MOVE","HIGH_REFERENCE_RISK","KEEP_CURRENT_PATH","BLOCKS_OPS005_ONLY","NO","YES","NO","NO","YES","YES","Permanecer no caminho atual (PATH_REFERENCED); risco HIGH_REFERENCE_RISK afeta mudança física futura e exige mapa, atualização e validação de referências antes da OPS-005, mas não bloqueia consolidação documental seletiva."
"DEC-0011","INV-0016","CKO_CORE_V1_ARCHITECTURE_MAP.md","MOVE","HIGH_REFERENCE_RISK","KEEP_CURRENT_PATH","BLOCKS_OPS005_ONLY","NO","YES","NO","NO","YES","YES","Permanecer no caminho atual (MIXED_REFERENCE); risco HIGH_REFERENCE_RISK afeta mudança física futura e exige mapa, atualização e validação de referências antes da OPS-005, mas não bloqueia consolidação documental seletiva."
"DEC-0012","INV-0017","CKO_CORE_V1_COMPOSITION_ROOT.md","MOVE","HIGH_REFERENCE_RISK","KEEP_CURRENT_PATH","BLOCKS_OPS005_ONLY","NO","YES","NO","NO","YES","YES","Permanecer no caminho atual (MIXED_REFERENCE); risco HIGH_REFERENCE_RISK afeta mudança física futura e exige mapa, atualização e validação de referências antes da OPS-005, mas não bloqueia consolidação documental seletiva."
"DEC-0013","INV-0018","CKO_CORE_V1_DEPENDENCY_MATRIX.md","MOVE","HIGH_REFERENCE_RISK","KEEP_CURRENT_PATH","BLOCKS_OPS005_ONLY","NO","YES","NO","NO","YES","YES","Permanecer no caminho atual (PATH_REFERENCED); risco HIGH_REFERENCE_RISK afeta mudança física futura e exige mapa, atualização e validação de referências antes da OPS-005, mas não bloqueia consolidação documental seletiva."
"DEC-0014","INV-0019","CKO_CORE_V1_EXCEPTION_CATALOG.md","MOVE","HIGH_REFERENCE_RISK","KEEP_CURRENT_PATH","BLOCKS_OPS005_ONLY","NO","YES","NO","NO","YES","YES","Permanecer no caminho atual (PATH_REFERENCED); risco HIGH_REFERENCE_RISK afeta mudança física futura e exige mapa, atualização e validação de referências antes da OPS-005, mas não bloqueia consolidação documental seletiva."
"DEC-0015","INV-0020","CKO_CORE_V1_EXCEPTION_HIERARCHY.md","MOVE","HIGH_REFERENCE_RISK","KEEP_CURRENT_PATH","BLOCKS_OPS005_ONLY","NO","YES","NO","NO","YES","YES","Permanecer no caminho atual (MIXED_REFERENCE); risco HIGH_REFERENCE_RISK afeta mudança física futura e exige mapa, atualização e validação de referências antes da OPS-005, mas não bloqueia consolidação documental seletiva."
"DEC-0016","INV-0021","CKO_CORE_V1_GAP_ANALYSIS.md","MOVE","HIGH_REFERENCE_RISK","KEEP_CURRENT_PATH","BLOCKS_OPS005_ONLY","NO","YES","NO","NO","YES","YES","Permanecer no caminho atual (PATH_REFERENCED); risco HIGH_REFERENCE_RISK afeta mudança física futura e exige mapa, atualização e validação de referências antes da OPS-005, mas não bloqueia consolidação documental seletiva."
"DEC-0017","INV-0022","CKO_CORE_V1_LOGGING_EVENT_CATALOG.md","MOVE","HIGH_REFERENCE_RISK","KEEP_CURRENT_PATH","BLOCKS_OPS005_ONLY","NO","YES","NO","NO","YES","YES","Permanecer no caminho atual (PATH_REFERENCED); risco HIGH_REFERENCE_RISK afeta mudança física futura e exige mapa, atualização e validação de referências antes da OPS-005, mas não bloqueia consolidação documental seletiva."
"DEC-0018","INV-0023","CKO_CORE_V1_PUBLIC_API_CATALOG.md","MOVE","HIGH_REFERENCE_RISK","KEEP_CURRENT_PATH","BLOCKS_OPS005_ONLY","NO","YES","NO","NO","YES","YES","Permanecer no caminho atual (MIXED_REFERENCE); risco HIGH_REFERENCE_RISK afeta mudança física futura e exige mapa, atualização e validação de referências antes da OPS-005, mas não bloqueia consolidação documental seletiva."
"DEC-0019","INV-0024","CKO_CORE_V1_RELEASE_CERTIFICATION.md","HOLD","MEDIUM_REFERENCE_RISK","HOLD","BLOCKS_OPS005_ONLY; NON_BLOCKING_TECHNICAL_DEBT","NO","YES","NO","NO","YES","YES","HOLD institucional mantido (MIXED_REFERENCE); liberar somente após decisão humana sobre autoridade, retenção, custódia, segurança e consumidores aplicáveis. Isolável da REL-001."
"DEC-0020","INV-0025","CKO_CORE_V1_SEMANTIC_READINESS_REPORT.md","MOVE","HIGH_REFERENCE_RISK","KEEP_CURRENT_PATH","BLOCKS_OPS005_ONLY","NO","YES","NO","NO","YES","YES","Permanecer no caminho atual (PATH_REFERENCED); risco HIGH_REFERENCE_RISK afeta mudança física futura e exige mapa, atualização e validação de referências antes da OPS-005, mas não bloqueia consolidação documental seletiva."
"DEC-0021","INV-0026","CKO_CORE_V1_TEST_AND_COVERAGE_REPORT.md","MOVE","HIGH_REFERENCE_RISK","KEEP_CURRENT_PATH","BLOCKS_OPS005_ONLY","NO","YES","NO","NO","YES","YES","Permanecer no caminho atual (MIXED_REFERENCE); risco HIGH_REFERENCE_RISK afeta mudança física futura e exige mapa, atualização e validação de referências antes da OPS-005, mas não bloqueia consolidação documental seletiva."
"DEC-0022","INV-0027","CKO_CORPUS_API.md","MOVE","HIGH_REFERENCE_RISK","KEEP_CURRENT_PATH","BLOCKS_OPS005_ONLY","NO","YES","NO","NO","YES","YES","Permanecer no caminho atual (MIXED_REFERENCE); risco HIGH_REFERENCE_RISK afeta mudança física futura e exige mapa, atualização e validação de referências antes da OPS-005, mas não bloqueia consolidação documental seletiva."
"DEC-0023","INV-0028","CKO_CORPUS_ARCHITECTURE.md","MOVE","HIGH_REFERENCE_RISK","KEEP_CURRENT_PATH","BLOCKS_OPS005_ONLY","NO","YES","NO","NO","YES","YES","Permanecer no caminho atual (MIXED_REFERENCE); risco HIGH_REFERENCE_RISK afeta mudança física futura e exige mapa, atualização e validação de referências antes da OPS-005, mas não bloqueia consolidação documental seletiva."
"DEC-0024","INV-0029","CKO_CORPUS_MODEL_GUIDE.md","MOVE","HIGH_REFERENCE_RISK","KEEP_CURRENT_PATH","BLOCKS_OPS005_ONLY","NO","YES","NO","NO","YES","YES","Permanecer no caminho atual (PATH_REFERENCED); risco HIGH_REFERENCE_RISK afeta mudança física futura e exige mapa, atualização e validação de referências antes da OPS-005, mas não bloqueia consolidação documental seletiva."
"DEC-0025","INV-0030","CKO_CORPUS_OPERATIONS.md","MOVE","HIGH_REFERENCE_RISK","KEEP_CURRENT_PATH","BLOCKS_OPS005_ONLY","NO","YES","NO","NO","YES","YES","Permanecer no caminho atual (PATH_REFERENCED); risco HIGH_REFERENCE_RISK afeta mudança física futura e exige mapa, atualização e validação de referências antes da OPS-005, mas não bloqueia consolidação documental seletiva."
"DEC-0026","INV-0031","CKO_CORPUS_SERIALIZATION.md","MOVE","HIGH_REFERENCE_RISK","KEEP_CURRENT_PATH","BLOCKS_OPS005_ONLY","NO","YES","NO","NO","YES","YES","Permanecer no caminho atual (PATH_REFERENCED); risco HIGH_REFERENCE_RISK afeta mudança física futura e exige mapa, atualização e validação de referências antes da OPS-005, mas não bloqueia consolidação documental seletiva."
"DEC-0027","INV-0032","CKO_DOCUMENT_API.md","MOVE","MEDIUM_REFERENCE_RISK","KEEP_CURRENT_PATH","BLOCKS_OPS005_ONLY","NO","YES","NO","NO","YES","YES","Permanecer no caminho atual (PATH_REFERENCED); risco MEDIUM_REFERENCE_RISK afeta mudança física futura e exige mapa, atualização e validação de referências antes da OPS-005, mas não bloqueia consolidação documental seletiva."
"DEC-0028","INV-0033","CKO_DOCUMENT_MODEL_ARCHITECTURE.md","MOVE","MEDIUM_REFERENCE_RISK","KEEP_CURRENT_PATH","BLOCKS_OPS005_ONLY","NO","YES","NO","NO","YES","YES","Permanecer no caminho atual (PATH_REFERENCED); risco MEDIUM_REFERENCE_RISK afeta mudança física futura e exige mapa, atualização e validação de referências antes da OPS-005, mas não bloqueia consolidação documental seletiva."
"DEC-0029","INV-0034","CKO_DOCUMENT_MODEL_GUIDE.md","MOVE","MEDIUM_REFERENCE_RISK","KEEP_CURRENT_PATH","BLOCKS_OPS005_ONLY","NO","YES","NO","NO","YES","YES","Permanecer no caminho atual (PATH_REFERENCED); risco MEDIUM_REFERENCE_RISK afeta mudança física futura e exige mapa, atualização e validação de referências antes da OPS-005, mas não bloqueia consolidação documental seletiva."
"DEC-0030","INV-0035","CKO_DOCUMENT_SERIALIZATION.md","MOVE","MEDIUM_REFERENCE_RISK","KEEP_CURRENT_PATH","BLOCKS_OPS005_ONLY","NO","YES","NO","NO","YES","YES","Permanecer no caminho atual (PATH_REFERENCED); risco MEDIUM_REFERENCE_RISK afeta mudança física futura e exige mapa, atualização e validação de referências antes da OPS-005, mas não bloqueia consolidação documental seletiva."
"DEC-0031","INV-0036","CKO_GRAPH_API.md","MOVE","MEDIUM_REFERENCE_RISK","KEEP_CURRENT_PATH","BLOCKS_OPS005_ONLY","NO","YES","NO","NO","YES","YES","Permanecer no caminho atual (PATH_REFERENCED); risco MEDIUM_REFERENCE_RISK afeta mudança física futura e exige mapa, atualização e validação de referências antes da OPS-005, mas não bloqueia consolidação documental seletiva."
"DEC-0032","INV-0037","CKO_GRAPH_ARCHITECTURE.md","MOVE","MEDIUM_REFERENCE_RISK","KEEP_CURRENT_PATH","BLOCKS_OPS005_ONLY","NO","YES","NO","NO","YES","YES","Permanecer no caminho atual (PATH_REFERENCED); risco MEDIUM_REFERENCE_RISK afeta mudança física futura e exige mapa, atualização e validação de referências antes da OPS-005, mas não bloqueia consolidação documental seletiva."
"DEC-0033","INV-0038","CKO_GRAPH_MODEL_GUIDE.md","MOVE","MEDIUM_REFERENCE_RISK","KEEP_CURRENT_PATH","BLOCKS_OPS005_ONLY","NO","YES","NO","NO","YES","YES","Permanecer no caminho atual (PATH_REFERENCED); risco MEDIUM_REFERENCE_RISK afeta mudança física futura e exige mapa, atualização e validação de referências antes da OPS-005, mas não bloqueia consolidação documental seletiva."
"DEC-0034","INV-0039","CKO_GRAPH_NAVIGATION.md","MOVE","MEDIUM_REFERENCE_RISK","KEEP_CURRENT_PATH","BLOCKS_OPS005_ONLY","NO","YES","NO","NO","YES","YES","Permanecer no caminho atual (PATH_REFERENCED); risco MEDIUM_REFERENCE_RISK afeta mudança física futura e exige mapa, atualização e validação de referências antes da OPS-005, mas não bloqueia consolidação documental seletiva."
"DEC-0035","INV-0040","CKO_GRAPH_SERIALIZATION.md","MOVE","MEDIUM_REFERENCE_RISK","KEEP_CURRENT_PATH","BLOCKS_OPS005_ONLY","NO","YES","NO","NO","YES","YES","Permanecer no caminho atual (PATH_REFERENCED); risco MEDIUM_REFERENCE_RISK afeta mudança física futura e exige mapa, atualização e validação de referências antes da OPS-005, mas não bloqueia consolidação documental seletiva."
"DEC-0036","INV-0041","CKO_INDEX_API.md","MOVE","MEDIUM_REFERENCE_RISK","KEEP_CURRENT_PATH","BLOCKS_OPS005_ONLY","NO","YES","NO","NO","YES","YES","Permanecer no caminho atual (PATH_REFERENCED); risco MEDIUM_REFERENCE_RISK afeta mudança física futura e exige mapa, atualização e validação de referências antes da OPS-005, mas não bloqueia consolidação documental seletiva."
"DEC-0037","INV-0042","CKO_INDEX_ARCHITECTURE.md","MOVE","MEDIUM_REFERENCE_RISK","KEEP_CURRENT_PATH","BLOCKS_OPS005_ONLY","NO","YES","NO","NO","YES","YES","Permanecer no caminho atual (MIXED_REFERENCE); risco MEDIUM_REFERENCE_RISK afeta mudança física futura e exige mapa, atualização e validação de referências antes da OPS-005, mas não bloqueia consolidação documental seletiva."
"DEC-0038","INV-0043","CKO_INDEX_MODEL_GUIDE.md","MOVE","MEDIUM_REFERENCE_RISK","KEEP_CURRENT_PATH","BLOCKS_OPS005_ONLY","NO","YES","NO","NO","YES","YES","Permanecer no caminho atual (PATH_REFERENCED); risco MEDIUM_REFERENCE_RISK afeta mudança física futura e exige mapa, atualização e validação de referências antes da OPS-005, mas não bloqueia consolidação documental seletiva."
"DEC-0039","INV-0044","CKO_INDEX_OPERATIONS.md","MOVE","MEDIUM_REFERENCE_RISK","KEEP_CURRENT_PATH","BLOCKS_OPS005_ONLY","NO","YES","NO","NO","YES","YES","Permanecer no caminho atual (MIXED_REFERENCE); risco MEDIUM_REFERENCE_RISK afeta mudança física futura e exige mapa, atualização e validação de referências antes da OPS-005, mas não bloqueia consolidação documental seletiva."
"DEC-0040","INV-0045","CKO_INDEX_SERIALIZATION.md","MOVE","MEDIUM_REFERENCE_RISK","KEEP_CURRENT_PATH","BLOCKS_OPS005_ONLY","NO","YES","NO","NO","YES","YES","Permanecer no caminho atual (PATH_REFERENCED); risco MEDIUM_REFERENCE_RISK afeta mudança física futura e exige mapa, atualização e validação de referências antes da OPS-005, mas não bloqueia consolidação documental seletiva."
"DEC-0041","INV-0046","CKO_KNOWLEDGE_OBJECT_API.md","MOVE","MEDIUM_REFERENCE_RISK","KEEP_CURRENT_PATH","BLOCKS_OPS005_ONLY","NO","YES","NO","NO","YES","YES","Permanecer no caminho atual (PATH_REFERENCED); risco MEDIUM_REFERENCE_RISK afeta mudança física futura e exige mapa, atualização e validação de referências antes da OPS-005, mas não bloqueia consolidação documental seletiva."
"DEC-0042","INV-0047","CKO_KNOWLEDGE_OBJECT_ARCHITECTURE.md","MOVE","MEDIUM_REFERENCE_RISK","KEEP_CURRENT_PATH","BLOCKS_OPS005_ONLY","NO","YES","NO","NO","YES","YES","Permanecer no caminho atual (MIXED_REFERENCE); risco MEDIUM_REFERENCE_RISK afeta mudança física futura e exige mapa, atualização e validação de referências antes da OPS-005, mas não bloqueia consolidação documental seletiva."
"DEC-0043","INV-0048","CKO_KNOWLEDGE_OBJECT_SERIALIZATION.md","MOVE","MEDIUM_REFERENCE_RISK","KEEP_CURRENT_PATH","BLOCKS_OPS005_ONLY","NO","YES","NO","NO","YES","YES","Permanecer no caminho atual (PATH_REFERENCED); risco MEDIUM_REFERENCE_RISK afeta mudança física futura e exige mapa, atualização e validação de referências antes da OPS-005, mas não bloqueia consolidação documental seletiva."
"DEC-0044","INV-0049","CKO_KNOWLEDGE_OBJECT_VERSIONING.md","MOVE","MEDIUM_REFERENCE_RISK","KEEP_CURRENT_PATH","BLOCKS_OPS005_ONLY","NO","YES","NO","NO","YES","YES","Permanecer no caminho atual (MIXED_REFERENCE); risco MEDIUM_REFERENCE_RISK afeta mudança física futura e exige mapa, atualização e validação de referências antes da OPS-005, mas não bloqueia consolidação documental seletiva."
"DEC-0045","INV-0050","CKO_PROVENANCE_STATEMENT_API.md","MOVE","HIGH_REFERENCE_RISK","KEEP_CURRENT_PATH","BLOCKS_OPS005_ONLY","NO","YES","NO","NO","YES","YES","Permanecer no caminho atual (PATH_REFERENCED); risco HIGH_REFERENCE_RISK afeta mudança física futura e exige mapa, atualização e validação de referências antes da OPS-005, mas não bloqueia consolidação documental seletiva."
"DEC-0046","INV-0051","CKO_PROVENANCE_STATEMENT_ARCHITECTURE.md","MOVE","MEDIUM_REFERENCE_RISK","KEEP_CURRENT_PATH","BLOCKS_OPS005_ONLY","NO","YES","NO","NO","YES","YES","Permanecer no caminho atual (PATH_REFERENCED); risco MEDIUM_REFERENCE_RISK afeta mudança física futura e exige mapa, atualização e validação de referências antes da OPS-005, mas não bloqueia consolidação documental seletiva."
"DEC-0047","INV-0052","CKO_PROVENANCE_STATEMENT_INTEGRATION.md","MOVE","MEDIUM_REFERENCE_RISK","KEEP_CURRENT_PATH","BLOCKS_OPS005_ONLY","NO","YES","NO","NO","YES","YES","Permanecer no caminho atual (PATH_REFERENCED); risco MEDIUM_REFERENCE_RISK afeta mudança física futura e exige mapa, atualização e validação de referências antes da OPS-005, mas não bloqueia consolidação documental seletiva."
"DEC-0048","INV-0053","CKO_PROVENANCE_STATEMENT_MODEL_GUIDE.md","MOVE","MEDIUM_REFERENCE_RISK","KEEP_CURRENT_PATH","BLOCKS_OPS005_ONLY","NO","YES","NO","NO","YES","YES","Permanecer no caminho atual (PATH_REFERENCED); risco MEDIUM_REFERENCE_RISK afeta mudança física futura e exige mapa, atualização e validação de referências antes da OPS-005, mas não bloqueia consolidação documental seletiva."
"DEC-0049","INV-0054","CKO_PROVENANCE_STATEMENT_OPERATIONS.md","MOVE","MEDIUM_REFERENCE_RISK","KEEP_CURRENT_PATH","BLOCKS_OPS005_ONLY","NO","YES","NO","NO","YES","YES","Permanecer no caminho atual (PATH_REFERENCED); risco MEDIUM_REFERENCE_RISK afeta mudança física futura e exige mapa, atualização e validação de referências antes da OPS-005, mas não bloqueia consolidação documental seletiva."
"DEC-0050","INV-0055","CKO_PROVENANCE_STATEMENT_SERIALIZATION.md","MOVE","MEDIUM_REFERENCE_RISK","KEEP_CURRENT_PATH","BLOCKS_OPS005_ONLY","NO","YES","NO","NO","YES","YES","Permanecer no caminho atual (PATH_REFERENCED); risco MEDIUM_REFERENCE_RISK afeta mudança física futura e exige mapa, atualização e validação de referências antes da OPS-005, mas não bloqueia consolidação documental seletiva."
"DEC-0051","INV-0056","CKO_QUERY_API.md","MOVE","MEDIUM_REFERENCE_RISK","KEEP_CURRENT_PATH","BLOCKS_OPS005_ONLY","NO","YES","NO","NO","YES","YES","Permanecer no caminho atual (PATH_REFERENCED); risco MEDIUM_REFERENCE_RISK afeta mudança física futura e exige mapa, atualização e validação de referências antes da OPS-005, mas não bloqueia consolidação documental seletiva."
"DEC-0052","INV-0057","CKO_QUERY_ARCHITECTURE.md","MOVE","MEDIUM_REFERENCE_RISK","KEEP_CURRENT_PATH","BLOCKS_OPS005_ONLY","NO","YES","NO","NO","YES","YES","Permanecer no caminho atual (MIXED_REFERENCE); risco MEDIUM_REFERENCE_RISK afeta mudança física futura e exige mapa, atualização e validação de referências antes da OPS-005, mas não bloqueia consolidação documental seletiva."
"DEC-0053","INV-0058","CKO_QUERY_MODEL_GUIDE.md","MOVE","MEDIUM_REFERENCE_RISK","KEEP_CURRENT_PATH","BLOCKS_OPS005_ONLY","NO","YES","NO","NO","YES","YES","Permanecer no caminho atual (MIXED_REFERENCE); risco MEDIUM_REFERENCE_RISK afeta mudança física futura e exige mapa, atualização e validação de referências antes da OPS-005, mas não bloqueia consolidação documental seletiva."
"DEC-0054","INV-0059","CKO_QUERY_SERIALIZATION.md","MOVE","MEDIUM_REFERENCE_RISK","KEEP_CURRENT_PATH","BLOCKS_OPS005_ONLY","NO","YES","NO","NO","YES","YES","Permanecer no caminho atual (PATH_REFERENCED); risco MEDIUM_REFERENCE_RISK afeta mudança física futura e exige mapa, atualização e validação de referências antes da OPS-005, mas não bloqueia consolidação documental seletiva."
"DEC-0055","INV-0060","CKO_RELATIONSHIP_API.md","MOVE","MEDIUM_REFERENCE_RISK","KEEP_CURRENT_PATH","BLOCKS_OPS005_ONLY","NO","YES","NO","NO","YES","YES","Permanecer no caminho atual (MIXED_REFERENCE); risco MEDIUM_REFERENCE_RISK afeta mudança física futura e exige mapa, atualização e validação de referências antes da OPS-005, mas não bloqueia consolidação documental seletiva."
"DEC-0056","INV-0061","CKO_RELATIONSHIP_ARCHITECTURE.md","MOVE","MEDIUM_REFERENCE_RISK","KEEP_CURRENT_PATH","BLOCKS_OPS005_ONLY","NO","YES","NO","NO","YES","YES","Permanecer no caminho atual (MIXED_REFERENCE); risco MEDIUM_REFERENCE_RISK afeta mudança física futura e exige mapa, atualização e validação de referências antes da OPS-005, mas não bloqueia consolidação documental seletiva."
"DEC-0057","INV-0062","CKO_RELATIONSHIP_MODEL_GUIDE.md","MOVE","MEDIUM_REFERENCE_RISK","KEEP_CURRENT_PATH","BLOCKS_OPS005_ONLY","NO","YES","NO","NO","YES","YES","Permanecer no caminho atual (MIXED_REFERENCE); risco MEDIUM_REFERENCE_RISK afeta mudança física futura e exige mapa, atualização e validação de referências antes da OPS-005, mas não bloqueia consolidação documental seletiva."
"DEC-0058","INV-0063","CKO_RELATIONSHIP_SERIALIZATION.md","MOVE","MEDIUM_REFERENCE_RISK","KEEP_CURRENT_PATH","BLOCKS_OPS005_ONLY","NO","YES","NO","NO","YES","YES","Permanecer no caminho atual (PATH_REFERENCED); risco MEDIUM_REFERENCE_RISK afeta mudança física futura e exige mapa, atualização e validação de referências antes da OPS-005, mas não bloqueia consolidação documental seletiva."
"DEC-0059","INV-0065","CKO_SPR_003_INVENTARIO_SEGURO.zip","HOLD","MEDIUM_REFERENCE_RISK","HOLD","BLOCKS_OPS005_ONLY; NON_BLOCKING_TECHNICAL_DEBT","NO","YES","NO","NO","YES","YES","HOLD institucional mantido (PATH_REFERENCED); liberar somente após decisão humana sobre autoridade, retenção, custódia, segurança e consumidores aplicáveis. Isolável da REL-001."
"DEC-0060","INV-0066","CKO_SPR_004_INVENTARIO_CANONICO.zip","HOLD","MEDIUM_REFERENCE_RISK","HOLD","BLOCKS_OPS005_ONLY; NON_BLOCKING_TECHNICAL_DEBT","NO","YES","NO","NO","YES","YES","HOLD institucional mantido (PATH_REFERENCED); liberar somente após decisão humana sobre autoridade, retenção, custódia, segurança e consumidores aplicáveis. Isolável da REL-001."
"DEC-0061","INV-0089","docs/governance/OPS-004_REPOSITORY_CANONICAL_MIGRATION_PLAN.md","HOLD","MEDIUM_REFERENCE_RISK","HOLD","BLOCKS_OPS005_ONLY; NON_BLOCKING_TECHNICAL_DEBT","NO","YES","NO","NO","YES","YES","HOLD histórico mantido por corrupção textual comprovada na AUD-003; preservação e errata isolam o item, que não integra a REL-001 seletiva."
"DEC-0062","INV-0100","GOV-005_PROJECT_EFFORT_AUDIT.md","MOVE","MEDIUM_REFERENCE_RISK","KEEP_CURRENT_PATH","BLOCKS_OPS005_ONLY","NO","YES","NO","NO","YES","YES","Permanecer no caminho atual (MIXED_REFERENCE); risco MEDIUM_REFERENCE_RISK afeta mudança física futura e exige mapa, atualização e validação de referências antes da OPS-005, mas não bloqueia consolidação documental seletiva."
"DEC-0063","INV-0101","inventory.txt","HOLD","MEDIUM_REFERENCE_RISK","HOLD","BLOCKS_OPS005_ONLY; NON_BLOCKING_TECHNICAL_DEBT","NO","YES","NO","NO","YES","YES","HOLD institucional mantido (PATH_REFERENCED); liberar somente após decisão humana sobre autoridade, retenção, custódia, segurança e consumidores aplicáveis. Isolável da REL-001."
"DEC-0064","INV-0102","logs/.gitkeep","HOLD","MEDIUM_REFERENCE_RISK","HOLD","BLOCKS_OPS005_ONLY; NON_BLOCKING_TECHNICAL_DEBT","NO","YES","NO","NO","YES","YES","HOLD institucional mantido (PATH_REFERENCED); liberar somente após decisão humana sobre autoridade, retenção, custódia, segurança e consumidores aplicáveis. Isolável da REL-001."
"DEC-0065","INV-0103","logs/cko.log","HOLD","MEDIUM_REFERENCE_RISK","HOLD","BLOCKS_OPS005_ONLY; NON_BLOCKING_TECHNICAL_DEBT","NO","YES","NO","NO","YES","YES","HOLD institucional mantido (PATH_REFERENCED); liberar somente após decisão humana sobre autoridade, retenção, custódia, segurança e consumidores aplicáveis. Isolável da REL-001."
"DEC-0066","INV-0104","logs/debug.log","HOLD","LOW_REFERENCE_RISK","HOLD","BLOCKS_OPS005_ONLY; NON_BLOCKING_TECHNICAL_DEBT","NO","YES","NO","NO","YES","YES","HOLD mantido; ausência comprovada de consumidor e dependência reduz risco, mas retenção, autoridade e descarte ainda exigem decisão institucional. Não integra a REL-001 seletiva."
"DEC-0067","INV-0105","logs/duplicates.json","HOLD","MEDIUM_REFERENCE_RISK","HOLD","BLOCKS_OPS005_ONLY; NON_BLOCKING_TECHNICAL_DEBT","NO","YES","NO","NO","YES","YES","HOLD institucional mantido (PATH_REFERENCED); liberar somente após decisão humana sobre autoridade, retenção, custódia, segurança e consumidores aplicáveis. Isolável da REL-001."
"DEC-0068","INV-0106","logs/spr003_dry_run_inventory.json","HOLD","MEDIUM_REFERENCE_RISK","HOLD","BLOCKS_OPS005_ONLY; NON_BLOCKING_TECHNICAL_DEBT","NO","YES","NO","NO","YES","YES","HOLD institucional mantido (PATH_REFERENCED); liberar somente após decisão humana sobre autoridade, retenção, custódia, segurança e consumidores aplicáveis. Isolável da REL-001."
"DEC-0069","INV-0107","logs/SPR004.log","HOLD","MEDIUM_REFERENCE_RISK","HOLD","BLOCKS_OPS005_ONLY; NON_BLOCKING_TECHNICAL_DEBT","NO","YES","NO","NO","YES","YES","HOLD institucional mantido (PATH_REFERENCED); liberar somente após decisão humana sobre autoridade, retenção, custódia, segurança e consumidores aplicáveis. Isolável da REL-001."
"DEC-0070","INV-0108","logs/spr004_inventory.json","HOLD","MEDIUM_REFERENCE_RISK","HOLD","BLOCKS_OPS005_ONLY; NON_BLOCKING_TECHNICAL_DEBT","NO","YES","NO","NO","YES","YES","HOLD institucional mantido (PATH_REFERENCED); liberar somente após decisão humana sobre autoridade, retenção, custódia, segurança e consumidores aplicáveis. Isolável da REL-001."
"DEC-0071","INV-0109","logs/SPR007B_BOOTSTRAP.log","HOLD","MEDIUM_REFERENCE_RISK","HOLD","BLOCKS_OPS005_ONLY; NON_BLOCKING_TECHNICAL_DEBT","NO","YES","NO","NO","YES","YES","HOLD institucional mantido (PATH_REFERENCED); liberar somente após decisão humana sobre autoridade, retenção, custódia, segurança e consumidores aplicáveis. Isolável da REL-001."
"DEC-0072","INV-0110","logs/SPR007B_ENGINE.log","HOLD","MEDIUM_REFERENCE_RISK","HOLD","BLOCKS_OPS005_ONLY; NON_BLOCKING_TECHNICAL_DEBT","NO","YES","NO","NO","YES","YES","HOLD institucional mantido (PATH_REFERENCED); liberar somente após decisão humana sobre autoridade, retenção, custódia, segurança e consumidores aplicáveis. Isolável da REL-001."
"DEC-0073","INV-0114","README_SPR_003.md","MOVE","MEDIUM_REFERENCE_RISK","KEEP_CURRENT_PATH","BLOCKS_OPS005_ONLY","NO","YES","NO","NO","YES","YES","Permanecer no caminho atual (PATH_REFERENCED); risco MEDIUM_REFERENCE_RISK afeta mudança física futura e exige mapa, atualização e validação de referências antes da OPS-005, mas não bloqueia consolidação documental seletiva."
"DEC-0074","INV-0115","README_SPR_004.md","MOVE","HIGH_REFERENCE_RISK","KEEP_CURRENT_PATH","BLOCKS_OPS005_ONLY","NO","YES","NO","NO","YES","YES","Permanecer no caminho atual (PATH_REFERENCED); risco HIGH_REFERENCE_RISK afeta mudança física futura e exige mapa, atualização e validação de referências antes da OPS-005, mas não bloqueia consolidação documental seletiva."
"DEC-0075","INV-0127","SPR008A_IMPLEMENTATION_REPORT.md","MOVE","HIGH_REFERENCE_RISK","KEEP_CURRENT_PATH","BLOCKS_OPS005_ONLY","NO","YES","NO","NO","YES","YES","Permanecer no caminho atual (MIXED_REFERENCE); risco HIGH_REFERENCE_RISK afeta mudança física futura e exige mapa, atualização e validação de referências antes da OPS-005, mas não bloqueia consolidação documental seletiva."
"DEC-0076","INV-0128","SPR008B_IMPLEMENTATION_REPORT.md","MOVE","HIGH_REFERENCE_RISK","KEEP_CURRENT_PATH","BLOCKS_OPS005_ONLY","NO","YES","NO","NO","YES","YES","Permanecer no caminho atual (MIXED_REFERENCE); risco HIGH_REFERENCE_RISK afeta mudança física futura e exige mapa, atualização e validação de referências antes da OPS-005, mas não bloqueia consolidação documental seletiva."
"DEC-0077","INV-0129","SPR008C_IMPLEMENTATION_REPORT.md","MOVE","HIGH_REFERENCE_RISK","KEEP_CURRENT_PATH","BLOCKS_OPS005_ONLY","NO","YES","NO","NO","YES","YES","Permanecer no caminho atual (MIXED_REFERENCE); risco HIGH_REFERENCE_RISK afeta mudança física futura e exige mapa, atualização e validação de referências antes da OPS-005, mas não bloqueia consolidação documental seletiva."
"DEC-0078","INV-0130","SPR008D_IMPLEMENTATION_REPORT.md","MOVE","HIGH_REFERENCE_RISK","KEEP_CURRENT_PATH","BLOCKS_OPS005_ONLY","NO","YES","NO","NO","YES","YES","Permanecer no caminho atual (MIXED_REFERENCE); risco HIGH_REFERENCE_RISK afeta mudança física futura e exige mapa, atualização e validação de referências antes da OPS-005, mas não bloqueia consolidação documental seletiva."
"DEC-0079","INV-0131","SPR008E_IMPLEMENTATION_REPORT.md","MOVE","HIGH_REFERENCE_RISK","KEEP_CURRENT_PATH","BLOCKS_OPS005_ONLY","NO","YES","NO","NO","YES","YES","Permanecer no caminho atual (MIXED_REFERENCE); risco HIGH_REFERENCE_RISK afeta mudança física futura e exige mapa, atualização e validação de referências antes da OPS-005, mas não bloqueia consolidação documental seletiva."
"DEC-0080","INV-0132","SPR008F_IMPLEMENTATION_REPORT.md","MOVE","HIGH_REFERENCE_RISK","KEEP_CURRENT_PATH","BLOCKS_OPS005_ONLY","NO","YES","NO","NO","YES","YES","Permanecer no caminho atual (MIXED_REFERENCE); risco HIGH_REFERENCE_RISK afeta mudança física futura e exige mapa, atualização e validação de referências antes da OPS-005, mas não bloqueia consolidação documental seletiva."
"DEC-0081","INV-0133","SPR008G_IMPLEMENTATION_REPORT.md","MOVE","HIGH_REFERENCE_RISK","KEEP_CURRENT_PATH","BLOCKS_OPS005_ONLY","NO","YES","NO","NO","YES","YES","Permanecer no caminho atual (MIXED_REFERENCE); risco HIGH_REFERENCE_RISK afeta mudança física futura e exige mapa, atualização e validação de referências antes da OPS-005, mas não bloqueia consolidação documental seletiva."
"DEC-0082","INV-0134","SPR008H_IMPLEMENTATION_REPORT.md","MOVE","HIGH_REFERENCE_RISK","KEEP_CURRENT_PATH","BLOCKS_OPS005_ONLY","NO","YES","NO","NO","YES","YES","Permanecer no caminho atual (MIXED_REFERENCE); risco HIGH_REFERENCE_RISK afeta mudança física futura e exige mapa, atualização e validação de referências antes da OPS-005, mas não bloqueia consolidação documental seletiva."
"DEC-0083","INV-0135","SPR008I_IMPLEMENTATION_REPORT.md","MOVE","HIGH_REFERENCE_RISK","KEEP_CURRENT_PATH","BLOCKS_OPS005_ONLY","NO","YES","NO","NO","YES","YES","Permanecer no caminho atual (MIXED_REFERENCE); risco HIGH_REFERENCE_RISK afeta mudança física futura e exige mapa, atualização e validação de referências antes da OPS-005, mas não bloqueia consolidação documental seletiva."
"DEC-0084","INV-0136","SPR008J_IMPLEMENTATION_REPORT.md","MOVE","HIGH_REFERENCE_RISK","KEEP_CURRENT_PATH","BLOCKS_OPS005_ONLY","NO","YES","NO","NO","YES","YES","Permanecer no caminho atual (MIXED_REFERENCE); risco HIGH_REFERENCE_RISK afeta mudança física futura e exige mapa, atualização e validação de referências antes da OPS-005, mas não bloqueia consolidação documental seletiva."
"DEC-0085","INV-0137","SPR008K_IMPLEMENTATION_REPORT.md","MOVE","HIGH_REFERENCE_RISK","KEEP_CURRENT_PATH","BLOCKS_OPS005_ONLY","NO","YES","NO","NO","YES","YES","Permanecer no caminho atual (MIXED_REFERENCE); risco HIGH_REFERENCE_RISK afeta mudança física futura e exige mapa, atualização e validação de referências antes da OPS-005, mas não bloqueia consolidação documental seletiva."
"DEC-0086","INV-0138","SPR008L_IMPLEMENTATION_REPORT.md","MOVE","HIGH_REFERENCE_RISK","KEEP_CURRENT_PATH","BLOCKS_OPS005_ONLY","NO","YES","NO","NO","YES","YES","Permanecer no caminho atual (MIXED_REFERENCE); risco HIGH_REFERENCE_RISK afeta mudança física futura e exige mapa, atualização e validação de referências antes da OPS-005, mas não bloqueia consolidação documental seletiva."
"DEC-0087","INV-0139","SPR008M_IMPLEMENTATION_REPORT.md","MOVE","HIGH_REFERENCE_RISK","KEEP_CURRENT_PATH","BLOCKS_OPS005_ONLY","NO","YES","NO","NO","YES","YES","Permanecer no caminho atual (MIXED_REFERENCE); risco HIGH_REFERENCE_RISK afeta mudança física futura e exige mapa, atualização e validação de referências antes da OPS-005, mas não bloqueia consolidação documental seletiva."
"DEC-0088","INV-0140","SPR008N_IMPLEMENTATION_REPORT.md","MOVE","HIGH_REFERENCE_RISK","KEEP_CURRENT_PATH","BLOCKS_OPS005_ONLY","NO","YES","NO","NO","YES","YES","Permanecer no caminho atual (MIXED_REFERENCE); risco HIGH_REFERENCE_RISK afeta mudança física futura e exige mapa, atualização e validação de referências antes da OPS-005, mas não bloqueia consolidação documental seletiva."
"DEC-0089","INV-0141","SPR008O_IMPLEMENTATION_REPORT.md","MOVE","HIGH_REFERENCE_RISK","KEEP_CURRENT_PATH","BLOCKS_OPS005_ONLY","NO","YES","NO","NO","YES","YES","Permanecer no caminho atual (MIXED_REFERENCE); risco HIGH_REFERENCE_RISK afeta mudança física futura e exige mapa, atualização e validação de referências antes da OPS-005, mas não bloqueia consolidação documental seletiva."
"DEC-0090","INV-0142","SPR008OA_IMPLEMENTATION_REPORT.md","MOVE","HIGH_REFERENCE_RISK","KEEP_CURRENT_PATH","BLOCKS_OPS005_ONLY","NO","YES","NO","NO","YES","YES","Permanecer no caminho atual (MIXED_REFERENCE); risco HIGH_REFERENCE_RISK afeta mudança física futura e exige mapa, atualização e validação de referências antes da OPS-005, mas não bloqueia consolidação documental seletiva."
"DEC-0091","INV-0143","SPR008P_IMPLEMENTATION_REPORT.md","MOVE","HIGH_REFERENCE_RISK","KEEP_CURRENT_PATH","BLOCKS_OPS005_ONLY","NO","YES","NO","NO","YES","YES","Permanecer no caminho atual (MIXED_REFERENCE); risco HIGH_REFERENCE_RISK afeta mudança física futura e exige mapa, atualização e validação de referências antes da OPS-005, mas não bloqueia consolidação documental seletiva."
"DEC-0092","INV-0144","SPR008Q_IMPLEMENTATION_REPORT.md","MOVE","HIGH_REFERENCE_RISK","KEEP_CURRENT_PATH","BLOCKS_OPS005_ONLY","NO","YES","NO","NO","YES","YES","Permanecer no caminho atual (MIXED_REFERENCE); risco HIGH_REFERENCE_RISK afeta mudança física futura e exige mapa, atualização e validação de referências antes da OPS-005, mas não bloqueia consolidação documental seletiva."
"DEC-0093","INV-0145","SPR008R_IMPLEMENTATION_REPORT.md","MOVE","HIGH_REFERENCE_RISK","KEEP_CURRENT_PATH","BLOCKS_OPS005_ONLY","NO","YES","NO","NO","YES","YES","Permanecer no caminho atual (MIXED_REFERENCE); risco HIGH_REFERENCE_RISK afeta mudança física futura e exige mapa, atualização e validação de referências antes da OPS-005, mas não bloqueia consolidação documental seletiva."
"DEC-0094","INV-0146","SPR008S_IMPLEMENTATION_REPORT.md","MOVE","HIGH_REFERENCE_RISK","KEEP_CURRENT_PATH","BLOCKS_OPS005_ONLY","NO","YES","NO","NO","YES","YES","Permanecer no caminho atual (MIXED_REFERENCE); risco HIGH_REFERENCE_RISK afeta mudança física futura e exige mapa, atualização e validação de referências antes da OPS-005, mas não bloqueia consolidação documental seletiva."
"DEC-0095","INV-0147","SPR008T_IMPLEMENTATION_REPORT.md","MOVE","HIGH_REFERENCE_RISK","KEEP_CURRENT_PATH","BLOCKS_OPS005_ONLY","NO","YES","NO","NO","YES","YES","Permanecer no caminho atual (MIXED_REFERENCE); risco HIGH_REFERENCE_RISK afeta mudança física futura e exige mapa, atualização e validação de referências antes da OPS-005, mas não bloqueia consolidação documental seletiva."
"DEC-0096","INV-0148","SPR008U_IMPLEMENTATION_REPORT.md","MOVE","HIGH_REFERENCE_RISK","KEEP_CURRENT_PATH","BLOCKS_OPS005_ONLY","NO","YES","NO","NO","YES","YES","Permanecer no caminho atual (MIXED_REFERENCE); risco HIGH_REFERENCE_RISK afeta mudança física futura e exige mapa, atualização e validação de referências antes da OPS-005, mas não bloqueia consolidação documental seletiva."
"DEC-0097","INV-0149","SPR008V_IMPLEMENTATION_REPORT.md","MOVE","HIGH_REFERENCE_RISK","KEEP_CURRENT_PATH","BLOCKS_OPS005_ONLY","NO","YES","NO","NO","YES","YES","Permanecer no caminho atual (MIXED_REFERENCE); risco HIGH_REFERENCE_RISK afeta mudança física futura e exige mapa, atualização e validação de referências antes da OPS-005, mas não bloqueia consolidação documental seletiva."
"DEC-0098","INV-0150","SPR008W_IMPLEMENTATION_REPORT.md","MOVE","HIGH_REFERENCE_RISK","KEEP_CURRENT_PATH","BLOCKS_OPS005_ONLY","NO","YES","NO","NO","YES","YES","Permanecer no caminho atual (MIXED_REFERENCE); risco HIGH_REFERENCE_RISK afeta mudança física futura e exige mapa, atualização e validação de referências antes da OPS-005, mas não bloqueia consolidação documental seletiva."
"DEC-0099","INV-0151","SPR009_ARCHITECTURE_CERTIFICATION_REPORT.md","MOVE","HIGH_REFERENCE_RISK","KEEP_CURRENT_PATH","BLOCKS_OPS005_ONLY","NO","YES","NO","NO","YES","YES","Permanecer no caminho atual (MIXED_REFERENCE); risco HIGH_REFERENCE_RISK afeta mudança física futura e exige mapa, atualização e validação de referências antes da OPS-005, mas não bloqueia consolidação documental seletiva."
"DEC-0100","INV-0152","SPR009_IMPLEMENTATION_REPORT.md","MOVE","HIGH_REFERENCE_RISK","KEEP_CURRENT_PATH","BLOCKS_OPS005_ONLY","NO","YES","NO","NO","YES","YES","Permanecer no caminho atual (MIXED_REFERENCE); risco HIGH_REFERENCE_RISK afeta mudança física futura e exige mapa, atualização e validação de referências antes da OPS-005, mas não bloqueia consolidação documental seletiva."
"DEC-0101","INV-0153","SPR009A_IMPLEMENTATION_REPORT.md","MOVE","HIGH_REFERENCE_RISK","KEEP_CURRENT_PATH","BLOCKS_OPS005_ONLY","NO","YES","NO","NO","YES","YES","Permanecer no caminho atual (MIXED_REFERENCE); risco HIGH_REFERENCE_RISK afeta mudança física futura e exige mapa, atualização e validação de referências antes da OPS-005, mas não bloqueia consolidação documental seletiva."
"DEC-0102","INV-0154","SPR010_IMPLEMENTATION_REPORT.md","MOVE","HIGH_REFERENCE_RISK","KEEP_CURRENT_PATH","BLOCKS_OPS005_ONLY","NO","YES","NO","NO","YES","YES","Permanecer no caminho atual (MIXED_REFERENCE); risco HIGH_REFERENCE_RISK afeta mudança física futura e exige mapa, atualização e validação de referências antes da OPS-005, mas não bloqueia consolidação documental seletiva."
"DEC-0103","INV-0155","SPR011_IMPLEMENTATION_REPORT.md","MOVE","HIGH_REFERENCE_RISK","KEEP_CURRENT_PATH","BLOCKS_OPS005_ONLY","NO","YES","NO","NO","YES","YES","Permanecer no caminho atual (MIXED_REFERENCE); risco HIGH_REFERENCE_RISK afeta mudança física futura e exige mapa, atualização e validação de referências antes da OPS-005, mas não bloqueia consolidação documental seletiva."
"DEC-0104","INV-0156","SPR012_IMPLEMENTATION_REPORT.md","MOVE","HIGH_REFERENCE_RISK","KEEP_CURRENT_PATH","BLOCKS_OPS005_ONLY","NO","YES","NO","NO","YES","YES","Permanecer no caminho atual (MIXED_REFERENCE); risco HIGH_REFERENCE_RISK afeta mudança física futura e exige mapa, atualização e validação de referências antes da OPS-005, mas não bloqueia consolidação documental seletiva."
"DEC-0105","INV-0157","SPR013_IMPLEMENTATION_REPORT.md","MOVE","HIGH_REFERENCE_RISK","KEEP_CURRENT_PATH","BLOCKS_OPS005_ONLY","NO","YES","NO","NO","YES","YES","Permanecer no caminho atual (MIXED_REFERENCE); risco HIGH_REFERENCE_RISK afeta mudança física futura e exige mapa, atualização e validação de referências antes da OPS-005, mas não bloqueia consolidação documental seletiva."
"DEC-0106","INV-0158","SPR014_IMPLEMENTATION_REPORT.md","MOVE","HIGH_REFERENCE_RISK","KEEP_CURRENT_PATH","BLOCKS_OPS005_ONLY","NO","YES","NO","NO","YES","YES","Permanecer no caminho atual (MIXED_REFERENCE); risco HIGH_REFERENCE_RISK afeta mudança física futura e exige mapa, atualização e validação de referências antes da OPS-005, mas não bloqueia consolidação documental seletiva."
"DEC-0107","INV-0159","SPR015_IMPLEMENTATION_REPORT.md","MOVE","HIGH_REFERENCE_RISK","KEEP_CURRENT_PATH","BLOCKS_OPS005_ONLY","NO","YES","NO","NO","YES","YES","Permanecer no caminho atual (MIXED_REFERENCE); risco HIGH_REFERENCE_RISK afeta mudança física futura e exige mapa, atualização e validação de referências antes da OPS-005, mas não bloqueia consolidação documental seletiva."
"DEC-0108","INV-0160","SPR016_IMPLEMENTATION_REPORT.md","MOVE","HIGH_REFERENCE_RISK","KEEP_CURRENT_PATH","BLOCKS_OPS005_ONLY","NO","YES","NO","NO","YES","YES","Permanecer no caminho atual (MIXED_REFERENCE); risco HIGH_REFERENCE_RISK afeta mudança física futura e exige mapa, atualização e validação de referências antes da OPS-005, mas não bloqueia consolidação documental seletiva."
"DEC-0109","INV-0161","SPR016_PREIMPLEMENTATION_ARCHITECTURE_AUDIT.md","MOVE","HIGH_REFERENCE_RISK","KEEP_CURRENT_PATH","BLOCKS_OPS005_ONLY","NO","YES","NO","NO","YES","YES","Permanecer no caminho atual (MIXED_REFERENCE); risco HIGH_REFERENCE_RISK afeta mudança física futura e exige mapa, atualização e validação de referências antes da OPS-005, mas não bloqueia consolidação documental seletiva."
"DEC-0110","INV-0162","SPR017_HOMOLOGATION_REPORT.md","MOVE","HIGH_REFERENCE_RISK","KEEP_CURRENT_PATH","BLOCKS_OPS005_ONLY","NO","YES","NO","NO","YES","YES","Permanecer no caminho atual (MIXED_REFERENCE); risco HIGH_REFERENCE_RISK afeta mudança física futura e exige mapa, atualização e validação de referências antes da OPS-005, mas não bloqueia consolidação documental seletiva."
"DEC-0111","INV-0163","SPR017_IMPLEMENTATION_REPORT.md","MOVE","HIGH_REFERENCE_RISK","KEEP_CURRENT_PATH","BLOCKS_OPS005_ONLY","NO","YES","NO","NO","YES","YES","Permanecer no caminho atual (MIXED_REFERENCE); risco HIGH_REFERENCE_RISK afeta mudança física futura e exige mapa, atualização e validação de referências antes da OPS-005, mas não bloqueia consolidação documental seletiva."
"DEC-0112","INV-0164","SPR017_PREIMPLEMENTATION_ARCHITECTURE_AUDIT.md","MOVE","HIGH_REFERENCE_RISK","KEEP_CURRENT_PATH","BLOCKS_OPS005_ONLY","NO","YES","NO","NO","YES","YES","Permanecer no caminho atual (MIXED_REFERENCE); risco HIGH_REFERENCE_RISK afeta mudança física futura e exige mapa, atualização e validação de referências antes da OPS-005, mas não bloqueia consolidação documental seletiva."
"DEC-0113","INV-0165","SPR017_TECHNICAL_SPECIFICATION.md","MOVE","HIGH_REFERENCE_RISK","KEEP_CURRENT_PATH","BLOCKS_OPS005_ONLY","NO","YES","NO","NO","YES","YES","Permanecer no caminho atual (MIXED_REFERENCE); risco HIGH_REFERENCE_RISK afeta mudança física futura e exige mapa, atualização e validação de referências antes da OPS-005, mas não bloqueia consolidação documental seletiva."
"DEC-0114","INV-0166","SPR017_TECHNICAL_SPECIFICATION_AUDIT.md","MOVE","HIGH_REFERENCE_RISK","KEEP_CURRENT_PATH","BLOCKS_OPS005_ONLY","NO","YES","NO","NO","YES","YES","Permanecer no caminho atual (MIXED_REFERENCE); risco HIGH_REFERENCE_RISK afeta mudança física futura e exige mapa, atualização e validação de referências antes da OPS-005, mas não bloqueia consolidação documental seletiva."
"DEC-0115","INV-0167","SPR017E_NOVA_AUDITORIA_FORMAL.md","MOVE","HIGH_REFERENCE_RISK","KEEP_CURRENT_PATH","BLOCKS_OPS005_ONLY","NO","YES","NO","NO","YES","YES","Permanecer no caminho atual (MIXED_REFERENCE); risco HIGH_REFERENCE_RISK afeta mudança física futura e exige mapa, atualização e validação de referências antes da OPS-005, mas não bloqueia consolidação documental seletiva."
"DEC-0116","INV-0168","SPR017G_VERIFICACAO_FINAL.md","MOVE","HIGH_REFERENCE_RISK","KEEP_CURRENT_PATH","BLOCKS_OPS005_ONLY","NO","YES","NO","NO","YES","YES","Permanecer no caminho atual (MIXED_REFERENCE); risco HIGH_REFERENCE_RISK afeta mudança física futura e exige mapa, atualização e validação de referências antes da OPS-005, mas não bloqueia consolidação documental seletiva."
"DEC-0117","INV-0169","SPR018_DISCOVERY_AND_SCOPE.md","MOVE","HIGH_REFERENCE_RISK","KEEP_CURRENT_PATH","BLOCKS_OPS005_ONLY","NO","YES","NO","NO","YES","YES","Permanecer no caminho atual (MIXED_REFERENCE); risco HIGH_REFERENCE_RISK afeta mudança física futura e exige mapa, atualização e validação de referências antes da OPS-005, mas não bloqueia consolidação documental seletiva."
"DEC-0118","INV-0170","src/cko.egg-info/dependency_links.txt","IGNORE_GENERATED","MEDIUM_REFERENCE_RISK","NOT_RELEVANT_TO_CURRENT_CONSOLIDATION","INFORMATIONAL_ONLY","NO","NO","NO","NO","NO","YES","Artefato gerado; excluir da REL-001 e decidir política de ignore em operação própria, sem remoção nesta revisão."
"DEC-0119","INV-0171","src/cko.egg-info/PKG-INFO","IGNORE_GENERATED","MEDIUM_REFERENCE_RISK","NOT_RELEVANT_TO_CURRENT_CONSOLIDATION","INFORMATIONAL_ONLY","NO","NO","NO","NO","NO","YES","Artefato gerado; excluir da REL-001 e decidir política de ignore em operação própria, sem remoção nesta revisão."
"DEC-0120","INV-0172","src/cko.egg-info/SOURCES.txt","IGNORE_GENERATED","MEDIUM_REFERENCE_RISK","NOT_RELEVANT_TO_CURRENT_CONSOLIDATION","INFORMATIONAL_ONLY","NO","NO","NO","NO","NO","YES","Artefato gerado; excluir da REL-001 e decidir política de ignore em operação própria, sem remoção nesta revisão."
"DEC-0121","INV-0173","src/cko.egg-info/top_level.txt","IGNORE_GENERATED","MEDIUM_REFERENCE_RISK","NOT_RELEVANT_TO_CURRENT_CONSOLIDATION","INFORMATIONAL_ONLY","NO","NO","NO","NO","NO","YES","Artefato gerado; excluir da REL-001 e decidir política de ignore em operação própria, sem remoção nesta revisão."
"DEC-0122","INV-0174","src/main.py.txt","HOLD","MEDIUM_REFERENCE_RISK","HOLD","BLOCKS_OPS005_ONLY; NON_BLOCKING_TECHNICAL_DEBT","NO","YES","NO","NO","YES","YES","HOLD institucional mantido (PATH_REFERENCED); liberar somente após decisão humana sobre autoridade, retenção, custódia, segurança e consumidores aplicáveis. Isolável da REL-001."
